text,sentiment
"@leomall2018 Seg√∫n yo era como aviso, pero ahora s√≠ ya es oficial",NEU
"@benshorts a juzgar por mis comportamientos autodestructivos en las relaciones, a√∫n quiero serlo",N
#BuenosDias mundo Twittero ya despert√© y estoy listo para vivir un dia mas #ExcelenteMartes,P
No pude resolver el rompecabezas en Los rios de Alicia y ahora muero de tristeza,N
o sea ... me urge un Dr. @Rocktor101 (escuch√≥ un programa de males digestivos y as√≠),N
"@natyamezcua hay pues hay que ver que hacemos para vernos, te extra√±o, no quiero que te alejes",NEU
@Eudemonologia87 yo igual y ni as√≠. Este a√±o ser√© tipo marasalvatrucha para ver si as√≠ me traen algo.,N
"@shakira no te puedo llevar en mi bicicleta. Me ca√≠ y est√° descompuesta. Happy to walk with you, tho.",N
"@MartinCaligaris Tu forma tan linda de decir: Borris Chavez!!! Gracias por el saludo, ya prontito nos vemos, abrazos M√©xico pap√°!!!",P
Mi novio me vigila en Twitter y ahora todo lo que diga puede ser (y ser√°) usado en mi contra ¬°Ayuda!,N
@Pagano656 #NoaNoaStyle es uno de los mejores luchadores que ha llegado a @luchalibreaaa Yo tengo el gusto de seguirlo hace 4 a√±os,P
"@Tribuna_I Si, pero yo lo veo otros 6 meses m√°s en Pachuca, tiene calidad el Muchacho Y ayer demostr√≥ que si est√° listo",P
4:18 AM. Que gran dilema. ¬øDespertar a mam√° para que me baje a abrirme o dejar que siga durmiendo? Pd. Venga saliendo del trabajo,NEU
"‚Äî¬øY la novia mijo? ‚ÄîEl concepto de pareja es arcaico y reduccionista, pienso que la mujer debe tener libertad para pod ‚ÄîNadie te pela ‚ÄîNo",N
"Ya estoy en mi casa maigues, no mor√≠. Bien pinche adolorida pero ya en mi casita. Pd. Me quieren llevar al rancho pero yo no quiero",N
@TrusaRota ha si ya vi si se ve buena!!! La pondr√© a ver si no me duermo dura un buen jaja pero se ve buena!! Mil gracias,P
"Desde que tengo uso de raz√≥n todos mis fin de a√±o han sido en casa de mi abuelita, este a√±o ser√° distinto y triste, te extra√±o tanto abu",N
"Ayer un canadiense me pregunt√≥ que a que hora abr√≠an el local de arriba, le dije que a las 10, eran las 10:10 y √©l dijo ""oh, mexican 10""",N
Estoy muy celoso. Pinche Carlos.,N
Extra√±o los videos de los GMR,N
Lo bueno que nadamas es esta semana,NEU
Puta madre lo que me faltaba enfermarme #QuieroLlorar,N
"Pobresita jajajaja, no no tendras su amistad de nuevo",N
Pagar√© una maleta extra para todos nuestros nuevos momentos juntos,P
Que dif√≠cil es tomar una decisi√≥n cuando no es para ti,N
"Probablemente un compa√±ero renuncie en los pr√≥ximos d√≠as, la perrada se desintegra",N
"Me atropellaron, y me duele mucho mi pierna Estoy bien pinche salado VV",N
"@HugoLpzC jajaja tonto! Ya se, ya la pr√≥xima semana el viernes, lo m√°s seguro!",NEU
Lo malo de ser flaco es que no puedo ir todos los d√≠as al gym.,N
"Si sab√≠an que Broca y Wernicke son mejores amigos, cuando Wernicke se confunde, Broca se traba,",NEU
"Si quieren que aprenda algo de eso dejen esa materia sola un semestre completo, si no como",NEU
Ya me estoy saboreando la hamburguesa que me pienso comer el jueves JAJAJAJA ya se k gorda Bye,P
"Ya estoy muy abrigada sentada en la sala, para salirme de la casa y nada que pasan por mi",N
"De todas sus mentiras ""No creo que @EPN llegue a la presidencia"" era mi favorita, la mas vil y cruel",N
@MartinCaligaris Es m√≠ Martina Jajaja Regresaste a los saltos mortales!!! Eso es bueno Te quiero mucho! Beso de regreso muack muack,P
@DanielaLeija ya me dijo mi esposo es una mercer√≠a en el 13 y 14 Hidalgo ves hay cosas bien bonitas para pintar,P
"D√≠as!!! Si conf√≠as en tu mente, tendr√°s que tomar decisiones toda tu vida. Si conf√≠as en tu coraz√≥n, ser√° tu √∫ltima decisi√≥n.. Besitos",NEU
"Estoy en el ""Taco loco""venden m√°s sopas,carnes, bebidas que tacos solo hay de bistec, pastor y chorizo. ¬øQue clase de taco loco es esto?",N
"@J_Pietra Me gustaria conoserte Y estar 1 dia contigo y con todo el plantel de chivas,me gustas como narra pero como nunca me aras caso",P
Uju!!! A estas tempranas horas de la noche ya s√≥lo me falta leer como 70 mensajes de whats que chido que me gusta Leer verdad!! (n.n)!,P
Buenos d√≠as pipol Ô∏è Voy de camino al doctor que me cuesta respirar :c s√≠ muero en el camino recuerdenme  ya no aguanto la gripa &gt;,N
"‚ÄîUn caf√© por favor. ‚ÄîEl caf√©, ¬ølo va a querer solo? ‚ÄîNo, s√≠ quieres si√©ntate aqu√≠ a mi lado y me cuentas toda tu puta vida. ‚Äî Ay",N
Al rato a preparar la cena de fin de a√±o con mis hijos Al rato a Misa a darle gracias a Dios por un 2016 lleno de ilusiones y sue√±os,P
@walkiriaflor Pues no estaba bromenado,N
"Es que estos dolores, son b√°rbaros...",N
La de las indirectas soy yo. Perd√≥n.,N
Lo que me faltaba... mi sandia est√° mala,N
Me acabo de tragar un pastel en mood celina,N
"Uno no decide de qui√©n se enamora, solo pasa chingaos",N
"@angies_ay ¬°Mucha suerte, bonita! Ojal√° logres conseguirlos. Saludos a tu beb√©",P
"Yastas! Aunque me anda fallando pero es buena idea, tu dir√°s! @RulitoHD",P
#Ten√≠amosTodoPero EPN iba a ser el mejor presidente... Pero se chingo la rodilla...,N
"@lesliepenha est√°s loca, t√∫ debes estar pendiente por si me dejan a √∫ltima hora",N
"@jis_cuva uy si sobretodo nos dieron puras en la sierra est√°n horribles, si al Ch√°vez",N
@Abby_Maff Jajajajajaja no es cierto no se que seria de mi vida sin esas cosas (mensajes),P
"Una vez mas... Mi pensamiento invade mi sue√±o... Se te extra√±a, ya quiero ser normal otra vez!!!",N
"@Sara_G2 jajajaja es s√∫per buen pedo, te va a caer bien. Yo tampoco s√© con qui√©n me toca",P
"Amigos, neta muy neta, hay una probabilidad de irme pa la CDMX, alcen las manos y p√≠danle a Diosito",P
Porque no soy una persona normal que le guste platicar con personas por whatsaap me conflictua esooo xq xq xq,N
"@esgarrTAM ¬°Gracias a ustedes! en verdad siempre se lucen en sus conciertos, nos hicieron muy felices miles de besos y abrazos",P
"@priincesapurple si por favor a√∫n no he podido comprarlo, o mejor me das un abrazo y as√≠ eso tambi√©n ayuda Ô∏è je.",P
"Nunca van a encontrar a una amiga como yo,que guarde hasta el m√≠nimo papelito de la secundaria que dec√≠a: Hola!Eres s√∫per! Nunca cambies",P
"A esta hora Twitter esta lleno de gente sentimental, que no puede dormir y que se siente de la mierda que pasa aqui diablos",N
"Hoy es cumplea√±os el maestro Bowie, un capricornio en todo sentido, que en paz descanse. Hay nuevo EP y son√≥ su legado hoy en carretera",P
Mi amigo me va a odiar por dejarlo plantado Porque le dije que √≠bamos a ir a una peda y pues ya no me dieron chance,N
"Llegue a casa, hab√≠a una caja q me mand√≥ la ex y dentro estaba mi amada PS3 (Los ni√±os sonr√≠en) Pero no trae control (Los ni√±os lloran)",N
"Me duele saber que en mis relaciones soy super fiel y pendeja y al final resulto ser la mala o por pena ""No te quer√≠a hacer da√±o"" chsm",N
"Igual y estoy mal yo, pero con lo del tibur√≥n que se mete a la jaula, ¬øSoy el √∫nico que le preocupa que se lastim√≥, se ve que se cort√≥!",N
@SaulSeguraB Pionera en nuestra colonia,P
@jarhatpacheco Gracias e igual hermoso d√≠a,P
@alevr9 lo importante es que tenemos salud,P
@Kev_Rogers m√°ndale fueguito a @abeftlouis est√° muy enferma,N
√öltimos momentos en medicina familiar y de guardia C,NEU
"Pues as√≠, viendo a Luis Videgaray.... No estoy tan pel√≥n",P
"@caballeroyfeo Abrimos el programa con esa, peeero ahorita ponemos un cover",NEU
@RKARTISTA justo cuando tengo mega estr√©s par estar estudian y haciendo tarea,N
"Despidiendo a Pau en el aeropuerto. Ya se va a Monterrey, Nuevo Le√≥n.",NEU
"@pakechii nop era como payaso de rodeo? Esa si me la s√©, bueno no",NEU
A Certain Romance tiene una de mis frases favoritas!!!! Gracias @rominapons por esa #Rolota #ViernesConRomina,P
@1maaariii1 ¬øTe imaginas que ya saquearon todos los centros comerciales? y en donde vivo ay balazos..,N
Ya no logr√© mi prop√≥sito de ser m√°s puntual. Voy a tener que esperar hasta el 2018.,N
"Hoy hace 4 a√±os, grabamos mi primer sencillo. #UltimoAire Gracias a todos los que han estado conmigo siempre",P
@Natsflorees le di sus respectivos buenos d√≠as desde las 7am y ya estaba as√≠ jajaj no soy yo jajajaj,NEU
"5 d√≠as seguidos y no me sale ninguna idea buena en el estudio, adi√≥s producci√≥n musical, hola bater√≠a de nuevo",N
As√≠ ando amigas Ni una noche y extra√±o a mi familia Me siento sola Mi amiga con su novio Necesito abrazos,N
"@MiBiciPublica Hola! la estaci√≥n GDL - 111 tiene 2 puertos que no sirven, y los dem√°s siempre est√°n llenos a esta hora.",N
De verdad yo no creo estar tan delgada como dicen que estoy y menos despues de todo lo que he tragado este mes,N
"Nuevamente fin de semana, cada vez m√°s r√°pido, ya casi termina el a√±o.!!! Espero que dios le haya dado la mejor de las semana!!!",P
"#SiQuer√≠acontigoPero te mama YURI , LA TREVI , ANAHI , LAS JEANS!! ... Te enchilas si se meten con BRITNEY. No pues mejor as√≠, COMO!!?",N
"Pap√°: vamos al beis Hijos: SIIII Mam√°: no, vamos al cine Pap√°: al cabo que ni ganas de ir al beis tenia, que funci√≥n quieres? Hijos:",NEU
@juanchogerk9 lo peor es que mucha gente vive de vender juguetes y por esto este a√±o les ir√° mal (d√≠a de reyes) todo el centro esta solo,N
"@Juan_Mpc No me gusta mucho el agua, as√≠ que aire o tierra. No, mejor tierra porque si es aire de seguro es un p√°jaro y no me gustan.",N
"Que feo es encontrarte a tu s√∫per crush de toda la vida, te sonrie y ni tiempo de agarrarte √©l coraz√≥n te da por que vienes con tu novio",N
Hoy ando muy de buenas,P
Todos son de 2do cuatri jajaja,NEU
"@Abby_Maff pues si amiga, es muy feo",N
#felizdiadereyes cu√°l feliz si no me trajeron nada,N
@Aliciamares98 Lo mismo me pregunto ya tiene que empezarrrr,N
"Bruno amaneci√≥ mal, muy mal, ya estamos evaluando aplicarle eutanasia.",N
"@IvancitoMavelk no estaba de caliente, iba a componer algo con alguien",NEU
Recibir una sorpresa inesperada y pasar una noche increible no tiene precio,P
"@Juan_S_Alba No,No,No! No sabe de F√∫tbol El mejor equipo es el Barcelona JAJAJAJAJAJAJA",NEU
"@PauAj97 Todo cool, a lo mejor estudio en UV, a ver si ma√±ana pas√≥",P
"@JcAgmty es posible que baje la gasolina, los impuestos, el dolar y la canasta?plis jajaja",N
No soy una eerta en la cocina pero lo poco que s√© siempre me ah funcionado.,P
Lo bueno: Ya voy de regreso y nos podremos ver. Lo malo: No me contesta los mensajes.,NEU
"Amo mi carrera,pero aun no es f√°cil aguantar las decepciones que tengo que pasar antes de un ""si""",NEU
"Neta es s√∫per estresante no traer datos, no puedo ver el v√≠deo y no puedo tuitearte locamente @ElJuanpaZurita #LocurasEnColombiaJZ",N
Me estaba comiendo unos pastes bien ricos pero de pronto pusieron canciones bien deprimentes y pues as√≠ no se puede,N
@MarlenTrevino aaaa jaja tons si a de estar buena. La de 24hrs. est√° pasada de lanza. Saludos Marlen y feliz a√±o,P
¬øYa ven porque les dije que no hagan un examen del que no est√°n seguros de hacer? No aprob√© mi ceneval chales.,N
Van dos d√≠as que sue√±o con el vato no es justo porque de ante mano s√© que no va a pasar NI MADRES.,N
"Hay un ni√± junto a m√≠ jugando a preguntarse ""¬øeres o te haces?"". Saben que la respuesta correcta es ""soy"". Nada mal, nada mal.",P
A todos los artistas de tumblr les llegan preguntas o cumplidos sobre su arte y a mi me preguntan si soy lesbiana ... fucking great.,N
"@lili_blend ahora te entiendo, roji! Hoy que sal√≠ sola me di cuenta que no dej√© de morderme los labios todo el tiempo de nervios y miedo",N
"@cmercadoo si, pero tu le vas al Atlas, al Ame y a no se cuantos mas... sorry por los acentos, este teclado del ipad me tiene loca",N
"@gvlo2008 de hecho le di a ""Alejandra Zavala"", me fui con la finta de ""Alejandra"" y no le√≠ el apellido, pens√© que era la de Tiro con Arco",N
Me dijo : ¬ø Y no crees que te esta cayendo mal esa terapia ? Yo no veo cambios y antes no te pon√≠as asi!? Lo hacias y ya! Jajajaja,N
@balucorp ni has estado feo,P
@nicocmadrid ¬°Estamos de acuerdo contigo Nico!,P
@DianaLeealM es de Dianas jaja gracias bella,P
Los Reyes magos me trajeron una cruda que,N
#SiempreTePedir√© Un abrazo y un beso de buenas Noches,P
@GabrielaFlorsc_ una maldita tos que no me deja ni dormir,N
"Un se√±or toca bien bonito, pero apenas traigo para mi pasaje",P
Mi vecino poniendo musica triste y eso hace que extra√±e muchaa cosas,N
De que sirve que me los trage si tengo panza de embarazada. #horasad,N
"@ATTMxAyuda hola buenos d√≠as ya envi√© por DM la informaci√≥n que me pidieron, gracias",NEU
No se si dejar mi horario intacto u ocupar esos 4 cr√©ditos que me faltaron,NEU
"#JamasMePreguntes porq soy linda contigo, Si pregunto como estas es educaci√≥n, no porq realmente me interese",N
@toxickore seg√∫n la Wikipedia un licor es destilado. Un vino de malta ah√≠ si te la creo,NEU
"Llegar y encontrar la menci√≥n de Jesse y la foto, es tan hermosoooooo!!!! LA AMO!!!!! En verdad grite!!!",P
@Rocktor101 consulta virtual o algo en fin Dr. como siempre un gusto saludarle y ya esper√°ndole ... en serio,P
"Y pues... mis reyes ahora se distribuyen a lo largo del a√±o Mis iPhones, mi Apple Watch, mis Beats... Ô∏èÔ∏è",NEU
Es re triste esto de compartir gusto con alguien que fue importante para bc todo me lo recuerda a esa persona,N
"Ni cigarros, ni galletas, ni caldo de camar√≥n, ni michelada, ni papas a la francesa ... Qu√© clase de vida es esta??!!!",N
Seg√∫n uno de mis prop√≥sitos es leer m√°s pero ya estamos a 8 de Enero y no he comprado ni un libro nuevo,N
"Al despedirnos dijo: Have a nice day, y yo le conteste igual, y le dije ay que pendeja, jajaja ay gud bai mai lob.",P
"Y Maldita sea, me convert√≠ en quien menos queria ser. En la peor versi√≥n de mi, cuesti√≥n de cambio para un 2017 lleno de positivismo...",N
"@Kresnik02 it's never too late, nunca lo tuve en 64, era muy pobre y la verdad ahorita no lo he buscado as√≠ que lo comprare digital",P
"Mi vida es un eterno dilema entre ""mejor me duermo y ma√±ana termino"" e ""'ingue su, me vo'a desvelar hasta morir y lo acabo de una vez"".",N
Mi t√≠o me cont√≥ que iba en el metro bus y que un cabron dijo por tel√©fono que se hubiera agarrado la Pantalla en lugar de la licuadora,N
-Si yo con 4 meses dejada me acuerdo hasta del d√≠a en que me agrego a face osea yo mega traumada time. Y ella 23 a√±os como si nada.,N
@maferalatriste creo q el √∫nico,NEU
Ush solo viene a emocionarnos @villalobossebas,NEU
Me llenas de notificaciones @Sergecast Jajaja #LasChichisDeFichis,P
@aleteknicolor no te ereses tan feo de @alain_rincon,NEU
@DarioZapata_14 jajajajaja neta que si es justo y necesario,P
Esto de mudarme me agota y me da hueva recoger,N
@QueenChingona @HelemVM lo iba a pedir y solo tienen tallas chica,N
"@KatiaCastorena Que tengas Excelente cobertura y excelente viaje, saludos tambi√©n al Chicharito",P
Jam√°s he sido muy rom√°ntica... Pero necesito tus abrazos y besos de pr√°ctica,P
"@GomezXelhuantzi jajaja, chal√©, te extra√±o tanto que voy a enloquecer ya ven a verme",N
@daphnella @goliveros @Tirodopolus las mejores tazitas en la vida yo tengo unos caballitos de tlaque,P
"@lajosa La tradicional #RoscaDeReyes de #BisquetsObreg√≥n tiene un gran sabor, visita tu unidad favorita. ¬°Te esperamos!",P
"-Mi amor, ¬øme veo gorda con este vestido? -A ver, rueda un poquito a la izquierda. -",P
"Primero quiero formar un equipo inicial: Lurantis, Primarina, Mimikyu, Salamence, Krookodile, Sylveon. Que mal que no est√° Mawile",N
@KoenmaJr20 probando nuevos Morning show! @ExaFM me aburre ya! Se ha vuelto demasiado tonto el programa! Extra√±o a @Cecidelacueva,N
¬øAlguien tiene alg√∫n pdf donde se describan las etapas del desarrollo humano? Sobre todo la de la senectud. POR FAAAA.,NEU
Buenos d√≠as Pues vamos a empezar a darle a esto!!! Ahora va la m√≠a Y q venga todo con mucha candela!,P
@telediariomty @multimediostv kiero ke me regalen una rosca xfa para kompartir en familia No tengo cel para llamar y pedirla xeso escrib,NEU
"Dios me ha sorprendido en esta semana,una caja de cafe,cosas de la tesis,vienen cosas mejores ya sige lo de mi maestr√≠a,y una ELLA,jajaja",P
"Ya s√©, tengo que leer a Mishima pero se me atraves√≥ el est√∫pido y sensual Joyce con Dublineses y ten√≠a que estrenar mis marcadores.",P
"Para los que el d√≠a de ma√±ana regresan a clases, que en este nuevo semestre cumplan todos sus objetivos y les sea muy exitoso! #ADarle",P
"D√≠as!! El secreto de la buena salud es vivir el ahora. No eres due√±o del pasado, no sue√±es con el futuro. Solo el presente te pertenece..",P
"A como veo las cosas, no me va gustar el resultado final de este partido.. No hay manera Si un equipo juega a Ganar y el otro....",N
"Nota a mi mismo: no iniciar una cancion con frases como ""recuerdo el dia en que te conoci"" o "" caminando por las calles de mi barrio """,NEU
Yo - oye no aventamos 3 palitos al hilo Ella - ya se. Oye a√±os de na mas 1; eres un tigre... A mi distinci√≥n erectil le gusta esto...,NEU
@GuadaVeryGudSup Un feto muy bonito,P
No quiero ir a la escuelaaaaaa,N
@AbieeFlores comprame unos Voy a morir congelada,N
@adriantr09 @ClubTiburones @PumasMX Ya rugiste Le√≥n Ya estufas,NEU
Lo √∫nico que hay para comer es un tomate,N
Buen dia @EdWestwick que sea un d√≠a maravilloso para ti,P
"@SirRhosisRGL eso s√≠, hay raza que de verdad est√° s√∫per jodida",N
Antes de un me gustas viene una tierna mirada con una sonrisa,P
"Me da culo caminar de noche por anahuac city, ni pedo, gym time",N
"@hijodeletras @megustaleermex Mil gracias por el libro, desde cuando le ten√≠a puesto el ojo",P
yo s√≥lo necesito a un amigo que hable chido ingl√©s para poder practicar con el,NEU
"Al esperar ese mensaje Se decide cual ser√° mi siguiente paso en el destino!,, que nervios",NEU
La sonrisa es el √∫nico virus que no hace da√±o al alma. Siempre sonr√≠e;;Calavera de la Suerte&gt;&gt;,P
@CARLOSEES Yo le dije que quer√≠a un beso suyo y me rechaz√≥. No te sientas tan triste jajaja,N
"Perd√≠ todos mis contactos del cel Si me tienes guardada, m√°ndame un whatsapp con tu nombre para guardarte, please",N
Sabes que ya est√°s viejo cuando tus primos quieren ver pelis toda la noche y tu solo quieres dormir ya,N
"@yestermansux Oye vi una hiper padre en Morelia, no as√≠ pero muuuy chida. Costaba como $200. Si la quieres, me avisas.",P
Acabo de etiquetar a mi t√≠a en una cosa. Soy m√°s all√° de mi propia t√≠a. Soy la t√≠a de las t√≠as.,P
@RULSOTO @Siempre889 mi caja registradora de barbie la disfrute al maximo ! y el que nunca llego fue el beatle rosa de barbie,NEU
"Queridos reyes quiero: 1. Voluntad para dejar de tragar... Y ya con eso toda mi vida se resuelve, ah s√≠ bueno y un drag√≥n",N
"@Ale_Jaramillo A los a√±os por aqu√≠ hermosa, ya ni te has de acordar de tu fiel seguidor Un abrazo inmenso en este nuevo a√±o. Bendiciones.",P
"Un amigo de mi hermano que me gust√≥ toda la primaria y secundaria (casi) me dijo ""Te quiero fea"" y bueno chtm, no es cuando quieras",N
"Hoy pas√© frente a una tienda y not√© que ya no le quedaba casi nada de pan T√≠a Rosa, solo mantecadas de chocolate. Son tan poco valoradas.",N
"@YouTube lo que voy a hacer el lunes no es por ti, es por nosotros te amo y te quiero mucho  eres la √∫nica real para mi",P
"Fui a @Cinemex x lo cerca que esta de mi casa solo p ver q no tienen ""La Llegada""  #fail ya estoy en @Cinepolis , no hay como en casa!",N
Las vacaciones me mal acostumbraron,N
En segundo dia de Servicio #FelizMartes,P
La verdad extra√±o mucho mi vida universitaria,N
Ya cay√≥ la segunda parte del pavo cachet√≥n,NEU
Vengan a alimentarme una semana... Ser√© un in√∫til abandonado,N
Ya mejor me.resigno Nadie nunca jam√°s me va a querer.,N
Lo √∫nico malo del fr√≠o es que los Winis est√°n duros,N
@ChulasDeJA @julionalvarez @EEnrique_F @NoticiasJulion hermosa nosotros somos una estacion de musica tropical,NEU
"Samantha dice de broma que nac√≠ castigada,pero a mi me parece muy real",N
"Qu√© bonito que ""In to my Arms"" sea la segunda canci√≥n escuchada este d√≠a.",P
Como cuando la persona siempre est√° cansada para todo menos para salir con alguien m√°s.,N
"@__walter__ @norisolis haha. A mi tambi√©n se me rompi√≥ el pantal√≥n, pero de adelante, super incomodo",N
La ansiedad que me da cuando no puedo dormir es de las peores cosas que he eerimentado,N
Cuando me pongo a dieta mas se me antojan las cosas delis ni modo a seguir comiendo mel√≥n,N
"#EnEneroYo estar√© m√°s al pendiente de mi familia, mis fans y estar√© al pendiente de sus mensajes peque√±os amores",P
Alguien quiere hablar conmigo por ft de audio ?? estoy en la escuela ya acabe todo y estoy muuuuuy aburrida,N
"@_fer_alonso S√≠, el dep√≥sito del env√≠o internacional es despu√©s ya que se necesita dividir entre todas las que pidieron el proyecto",NEU
Lo bueno de ser un sin amigos es que puedo llegar a la hora que quiera a los lugares que quiero visitar.,NEU
"@raticorns Genial!, pero yo decia del pais que mas te ve El aceite de coco creo q no es tan facil de conseguir",NEU
"@AscNati si si ya estuve haha desde el jueves en la ma√±ana,ahorita ya voy saliendo de la central nueva,a mi tambi√©n me llen√≥ r√°pido",P
Tal vez estoy pagando alg√∫n tipo de karma por no hacerle caso al carnicero de por mi trabajo‚Ä¶ siempre me dice que me veo bonita,NEU
"Yo no le deseo el mal a nadie, pero a veces se agradece, que todo caiga por su propio peso.....:.. Muy buenos d√≠as tengan todosssss usted",NEU
"-Y te pidi√≥ perd√≥n o algo? -No -no te habl√≥? -No mamy -Y t√∫ a √©l? -Menos, ahora lo odio -Muy bien, ni se te ocurra hablarle",N
"Iba a ir a dash pero mis 3 cortadas, mi color de piel (color langosta) y mis 5 horas de sue√±o en 2 d√≠as, no me lo permitieron.",N
"Qu√© feo ha de ser que tu novi@ se vaya de viajey tu estes de que: me muero por que regreses, ya no puedo vivir asi y esas cosas, apoyalo",N
@Cochy_Tj llena de bendiciones jaja,P
"Extra√±o los tacos de ""El vaquero""",N
@KozkaTripp Cuando vengas a vernos lo compruebas,NEU
@faustoponce @ivoox Ok. Gracias. Ten un buen d√≠a.,P
Empezando el d√≠a con una de mis canciones favoritas,P
Hace rato deb√≠ de haberme levantado para ir al gym,N
@clauu_ruiz14 jajajaja te contestaste t√∫ sola hahaha pero s√≠ tienes raz√≥n,P
Mi horario esta de la fregada voy a vivir en la facu,N
Que horrible es querer dormir y que tu perrita no deje de roncar,N
@szerenata Lo har√≠a pero mi m√∫sica es muy fea para tu programa tan bonito,NEU
Si te encontrar√° tras cien a√±os encontrar√© tus ojos negros entre millones de ojos negros,P
Cada que tengo tiempo libre me pongo a ver v√≠deos de animales. Los quiero todos ayura.,P
Y el lo sabe por que se lo dije....y tambien tenia puesto una camisa manga larga gris,NEU
"No existen palabras para esta triste noticia. D.E.P Jose Ruben Molina, te extra√±are mucho campe√≥n, tenlo por seguro.",N
Mi mam√° cumple a√±os hoy. Y este es uno de los d√≠as m√°s felices para m√≠ La amo mucho.,P
@MrBeat @SuaraMusic @Brunch_BCN Ni que lo digas. Fue muy triste no poder estar pero mis compa√±eros lo hicieron de maravilla,N
"@EduardoRamos95R descansa gordis, ma√±ana nos vemos no tardes por favor si? Sue√±a bonito, te amo much√≠simo un besito en la frente",P
"@elavelden Ac√° en Ecuador a√∫n falta para el final de la telenovela, no me pierdo ning√∫n cap√≠tulo. Un abrazo y excelente semana",P
Mi lechuza tan retrasada por la distancia y ahora con el muro se va a estrellar con todo y mi carta a Hogwarts,N
"Ma√±ana va a haber muchos ni√±itos con una primer patineta. Si ven a uno, apoyen y ayudenlo. Estar√° frente a ustedes un nuevo skateboard.",P
"@OyeeDanny Ya s√©, ¬øQui√©n los entiende? Verdad ? El sabe lo que hace, y vaya que lo ha hecho m√°s que bien. Es grande @peladoalmeyda",P
"Lo bueno, Despu√©s de dos meses por fin un domingo libre a disfrutar. Lo malo, falte al hospital por resaca, ya no lo vuelvo a hacer",NEU
- Yo Mam√° por qu√© nunca en dejaste disfrutar mi juventud? Ya tengo 30 - Mam√° Felipe llegabas borracho a los 17 a√±os - Yo Ay√± mam√°!!,N
"Todas las putas gatas a las que les cago es porque un wey se fijo en mi y no en ellas, neta no es mi pedo, pinches feas",N
Te quise como se debe y no fue breve aun no te puedo olvidar que mas da si ya no vas a estar pa cantar y fumar como siempre...,N
@Diegoork ya urge nuestra pijamada,NEU
@soyalannavarro Buenas noches Risitas ...Sue√±a Bonito...!,P
Aqu√≠ todo tranquilo y all√° quien sabe,NEU
@drlejtik @TauroAgencia @LaPlazaMexico jaja insisto se pondra buenisimo,P
"@_cmere s√≠‚Ä¶ son colectivos. Tipo combi, pero menos pobre",NEU
Una rosa m√°s y estoy a dos de volverme loco,N
S√≥lo un red hot del musashi arreglar√≠a mi dolor del pie,N
"Es neta que bye refrescos, bye harina y bye antojitos de chucher√≠as",N
#SiempreTePedir√© Que te quedes conmigo y que sigamos siendo la familia que somos,P
"@olivanoticias ah√≠ no van, por que no les gusta el sabor del jam√≥n serrano",N
"@paulinapaf a ustedes por ver lo que publico es mi oficio , mi trabajo #periodismo",NEU
"En verdad necesito un celular nuevo, no lo quiero, lo necesito. se trababa hasta para respirar",N
@Jimmy_Jammes Vi que empezaste el a√±o con empleo nuevo. Un gran abrazo. Un s√∫per gusto conocerte. √âxito.,P
"ONQ16, IBExams, Grad.PrepaTec, VemRD, Grad.IB, ITESM INQ, EMRIA. Fue un buen a√±o #2016 y el que viene, mejor!!",P
"Amigues, estoy muy preocupada: La carretera sigue cerrada, no hay gasolina y los alimentos en mercados se est√°n agotando",N
Por lo regular lo primero que digo al despertarme es perd√≥n me quede dormida o ya se me hizo tarde,N
En .@TlahuacRenace partiendo la rosca de #D√≠aDeReyes y al estilo del pasito perr√≥n a los que les toco el mu√±eco .#PasitoPerr√≥nChallenge,NEU
"2/2 Tipo: ""Soy anarcofeminista y siento desprecio por los hombres... pero me tomo las fotos m√°s sugerentes posibles a ver qu√© agarro"".",N
Neta que mi novio se fue al santo a esta hora? Pa' esos novios mejor ando conmigo misma ya que soy bien antrera,N
La se√±o que ven√≠a leyendo mis tweets me dijo que los ley√≥ sin querer ajajajajaja me siento mal por haberle dedicado mi tweet anterior,N
@elciempies para nada ella ama M√©xico y siempre quiere venir. Por eso vino gratis a tajin. Desde su √°lbum pasado esta que muere por venir,P
"@_NoSoyArtista @Telcel @ATT pues si, yo creo, mi pap√° me dejo un equipo att y al igual lo uso mejor, porque ya estoy harta de esto.",N
-Pap√° ¬øQu√© sale de cruzar un gato con un burro? -No lo s√©. -Todos los vecinos a callar al gato JAJAJAJAJA no pap√° con el cintur√≥n no,N
"Oye ni√±a, qu√© no te buscan en tu casa? No tienes ni mayor de edad. Yo llego 30 min despu√©s de la hr acordada y me s√∫per rega√±an.",N
"@MurrietaObed pues si  y realmente la pase muy mal el es como mi segundo pap√°, crec√≠ con el y todo lo que se de fut es por el",N
@elblackcat eso es muy probable,NEU
@TonsqueAxel @YouTube te extra√±o como loca,N
No garganta estate quieta no quiero enfermarme,N
Y la segunda en brillas m√°s es Venus,NEU
@iMrDramas ni un cuerno retorcido como me dec√≠an antes,N
"Sad music y mucho trabajo, ya que es buena combinaci√≥n",P
"No puedo estar sentada mucho tiempo, ni de pie, ni nada",N
"Tengo a un AMIGO que canta desafinadamente feliz, pero as√≠ lo quiero.",P
No hay nada m√°s triste que terminas todas las temporadas de tu serie,N
"Ten√≠a toda la intenci√≥n de ir al gym, pero termine en los tacos pannin",N
"@maveldiaz Jaja, s√≠, lo har√©. En la tarde noche voy a tener la entrada lista",NEU
Estoy muy triste porque antes me llenaba con 2 pedazos de pizza y ahora con uno,N
"#Gasolinazo tema para ubicar nuestra realidad nacional, hasta el jefe nos pide nuestro punto de vista #horasad",N
Tengo que empezar con buena actitud el dia de ma√±ana para hacer v√°lidos mis prop√≥sitos de a√±o nuevo,P
Con este frio esta genial que pasen la pelicula del regalo prometido.. se siente como navidad pero sin tamales,P
"@noelvalenzuelap we yo tambi√©n me avent√© una season de una seria as√≠ !! Va, llega temprano tengo ganas de verte",P
"@sabinohernandez #ideamillonaria, no creo que sea tan dif√≠cil. Aunque seguro te piden la contrase√±a, y as√≠ no se stalkea a gusto",N
@szerenata toda la suerte del mundo en tu nuevo proyecto /espacio / hora . Te quiero mucho amiga m√≠a . #mty #orgullo,P
"Despert√© casi a las 11:00 am. No me juzguen. Tengo el nombre de la princesa que estuvo dormida toda la pel√≠cula, ¬øque esperaban?",NEU
Ya llegue a un punto de mi vida que mi enfermedad es m√°s grande que mis ganas de beber! Perd√≥n amigos les estoy fallando,N
Siii te traje un tecuerdo @La_Joyita2 pero me extraviaron mi mochila debajo del autob√∫s y pues ahi se perdi√≥ Es neta. Hasta mi cel fue.,N
Histerica x todo lo que no he actualizado en redes.Quiero tiempo √≥ 1 comunity manager gratis xq yo como JuanGa y el pais no tengo dinero,N
"¬øPara qu√© hacen coraje con Ambriz?, al final no lo van a correr y saldr√° con su t√≠pica frase: ""La culpa es m√≠a, no de los jugadores""",N
"@elgolfo Esta es la segunda vez que los veo y s√≠, muy pichicatos con los hits, ""NY City Boy"" de mis favoritas y nunca se las he escuchado",NEU
"Me hab√≠a acostado y reci√©n me levanto y son las 6:34, yo pens√© que ya iba a estar todo listo, la comida y el escabio en la mesa ahre",N
Estoy malita de la gripa,N
@1maaariii1 Puebla es un caos aiudame,N
@SamanthaSarahy muchas felicidades! P√°sala genial abrazo! ü•á,P
Mi mejor amigo se fue a Los √Ångeles.,N
@Juan_S_Alba @Luisitno Buen D√≠a Para el APERTURA 2017 QUE?,NEU
Tengo mil a√±os que no veo a mi mejor amigo,N
#luckyLadies no ser√° lo mismo sin shiky que mala onda @nodigamosmas,N
@SancadillaNorte @TigresOficial chale...en mi trabajo si falto tres d√≠as seguidos me corren...,N
"@LilieMayen es en Marzo, ¬øno? es que voy a ir con mi novia",N
"@ChumelTorres ya cabr√≥n! Sin t√≠ se reciben las noticias sin colchoncito, puro chingadazo. #extra√±oreirconChumel",N
"Jam√°s imagin√© que estar incapacitada lo disfrutar√≠a tanto, despu√©s de todo no me fue mal",NEU
"@Juan_S_Alba Lo s√© Pero pues bueno Lo que importa es que ya me dicen ""SUEGRA"" jajajajajajaj",P
"@xxleonxx67 en fin da igual, al final ya est√°n as√≠ los asalariados, y amigo, se escribe elotadoras",N
Hola doc @AlbertoMunoz alguna recomendaci√≥n para hospedarme en SFO o LA?? Si tiene un contacto mucho mejor gracias,NEU
"#PierdoMuchoTiempoEn Hacerle caso a los chismes, cr√≠ticas, malos comentarios hacia mi persona Es mi vida, no la de ustedes",N
D√≠as!!! Suelta las viejas creencias. Cambia tu energ√≠a. Cruza los l√≠mites imaginarios. Usa tu coraz√≥n. Libera tu ni√±o interior... Besitos,P
@yahirmusic ya estaba bien preparada para ir a verte hoy pero primero est√° la seguridad Espero que puedan reprogramarlo muy pronto,NEU
"@ContactoCitibmx en la ma√±ana hab√≠an retenido la compra en linea porque pensaban que era fraude con la tarjeta, pero ya lo resolvieron.",P
"Si me dieran cualquier deseo del mundo,solo pedir√≠a una sola cosa ... ""regresar el tiempo"" , tengo mis dudas sobre Dios pero.. ay√∫dame!",NEU
@iFabilalala Deja de burlarte de m√≠ NO :; pero si me fue bien y aprend√¨ mucho Adem√†s tengo salud y m√†s cosas maravillosas jajaja,P
"Pues yo llevo 2 meses haciendo #gazolinazo; no tengo dinero para reparar mi carro. Y creo que ahora, despu√©s de esto, se ir√° al yonke.",N
"OMFG mi conductor de uber acaba de pasar por un bache gigante y ahora el coche va haciendo ruidos raros. Pobre, le va a costar car√≠simo.",N
"Me siento del pinche pito a la verga, en verdad tengo que dejar de tomar Y todav√≠a quieren beber m√°s hoy, Y MA√ëANA ES 31 no mames",N
"Buen dia! Elige q cada uno de tus dias sea un milagro! que su dia este lleno de armonia, luz, amor y buenas vibras! Yo elijo ser feliz!",P
"Lo bueno que el ojete fui yo y que lo unico que me pese es no haberte dejado antes y calleras, pero no te deseo el mal n.n. Ya no m√°s.",N
@karenvaldis en forma de recalentado,NEU
Quiero a mi novia aqu√≠ conmigo,N
kali uchis va a estar en bahidor√°,NEU
@DanielaGGtz Siempre te dar√© lo mejor de mi.,P
Que triste levantarme pensando en tacos y no tenerlos,N
Escuch√© que se mov√≠a el traste de mi perrita muerta,N
@lcjury no me digas que est√° perdido lo que te regal√©,N
"Le fu√≠ infiel a ""Don Escojale"", en verdad no lo vuelvo hacer",N
Ma√±ana Juegan Y Ganan Mis @PumasMX Venga Universidad Por los 3 primeros puntos,P
Eso de salir a las 8 de la escuela no va a estar chido,N
"@Netgakure Se Ve Bie, Pero Noup! No se Tan Solo no lo veo Muy ""Natural""",N
"@ErickCt_ nosotros est√°bamos muy feliz mente cazando pokemon, siguiendo nueStra ruta y tuvimos un encuentro desafortunado",NEU
@ICVNL ustedes me puede ayudar a saber pq voy a pagar mas que en los anios anteriores,N
"@susana_tb Feliz 2017 Su y feliz vida... awww qu√© bonito ping√º, muero de amor. Un abrazo muy grande",P
"@NekoJitaBlog Yo por un bolillo con mayonesa, huevo, frijoles y mucho chile... Ahhhh... es un antojo muy malo...lo s√©...",N
@libertadzavala ¬°Gracias por las flores! Ha sido gracias al esfuerzo de un gran equipo @annabrays @bikennia @ClaraVadillo @YazAPie y m√°s,P
"@She_RA_H @DarinaSilver ya me hab√≠an hecho pixie y me quedan chidos, pero tengo mucho pelo y quise recortarlo m√°s. Mi error",N
"Hey! @ifCristian espero tengas un muy bonito d√≠a, H! Te deseo lo mejor siempre S√© feliz Ô∏è y felicidades, una vez m√°s.",P
"Que no se pierda la bonita costumbre de empezar el a√±o, la semana, el mes valiendo verga en el amor y en todo",N
Que oso que soy tan chillona y no me puedo callar y el sr de al lado en el avi√≥n nom√°s no me abraza,N
"Hay d√≠as en las que me pongo muy triste, pero no lo demuestro aparte de que a nadie le importa pues a nadie le importa",N
Lo mejor de estas fechas es que con el frio vienen los su√©ters y con ellos solo tengo que planchar el 15% de la camisa... #NavidadGodin,P
"Oigan no, no nos hagan eso a las locas, madrugar no es pa nosotras. As√≠ que, cadena de oraci√≥n pa que pueda dormir aunque sea 3 horas.",N
"@GaCaela ya s√©. No te vi en √©sta, pero me contaron de ""la modelo se pase√≥ desnuda como si nada"", y pens√© en tu primera vez toda nerviosa",NEU
"√örgeme irme a vivir solo, donde el ba√±o sea solo para mi y pueda cagar a la hora que se me hinche la pinche gana sin que est√© ocupado",N
Estoy nerviosa y tengo miedo,N
Extra√±o los chilaquiles de la FCC,N
@elbajimenez9 o solo simple mente m ignoras,N
"Yo si estaba esperando la ""posada del a√±o""",NEU
@andreaamena es que si te pasas de guapa andy,P
"El juego de GrumpyCat es demasiado adictivo, no lo soporto",N
@Lian_U send nudes y nubes *le pasa su alias de telegram*,NEU
@salvadorop no existi√≥ recalentado de A√±o Nuevo por qu√© ni cena hubo.,N
@ElOsoCarpinter Igualmente ayer vi queriendo saquear el bbva y no habia nada ajjaja,N
"@Sofiabubble s√≠ para las propias, pero para andar hurgando en las cuentas de otros?",N
"@chocoloveAc tenemos muchas ganas de verte!!! Te extra√±amos much√≠simo, vuelve pronto porfavor!!!! te queremos mucho",P
"Otsss uno se siente igual, lo peor es que realmente tuvo la culpa este pobre hombre",N
"@bbzote s√≠, pero nada. Creo que es por vivir en la √∫ltima calle ya les dio flojera",N
"Amigos, me llevo el premio a la ansiedad. Parece que me beb√≠ el reino del caf√© ando mal",N
"@edo_diaz ¬°Hola! Hemos confirmado que la se√±al se transmiti√≥ correctamente en la regi√≥n, por favor revisa con tu cableoperador",NEU
"Que te contesten con un ""¬øQu√© demonios fue todo esto? jajaja"" a un mensaje bonito, s√≠ te mata un poquito.",NEU
"@JuliahdeVince tu ser muy buena maifren, no hay nada que me ponga bien por ahora pero gracias por preocuparte por m√≠.",P
Es mejor darle el corton a la gente q ponerse a discutir por cosas que ni ellos mismos entender√°n!!! A desayunar papus!!!!!!,N
"-Me gusta esta canci√≥n -Hace tiempo se la dediqu√© a mi ex Y cada vez que la escucho, me acuerdo de su ex",N
"Confieso que tengo una play list en Spotify que dice : ¬´Canciones para Bangtan ¬ª , son canciones cursis y una que otra loca",P
"Buenos d√≠as!!! Lo q hoy seas capaz de sembrar, ser√° lo q ma√±ana cosechar√°s. Tu futuro depende de lo q realices en tu presente... Besitos",P
"Cuidando a mi enfermita, hoy no se trabaja dice ella y esta perfecto d√≠a de camita! yo malita tu malita chin me toco ser la enfermera!",N
"Si me caes bn lee esto, si no sigue tu camino jajaja ....Feliz Navidad pasenla s√∫per bn y que santa les de muchos regalitos .. Los quiero",P
"No ire a la facu porque esta muy feo el clima no hay taxis, Uber, mi mama no me quiere llevar, no me quiero mojar, pues me duermo",N
"Que triste, es el primer dibujo que quiero que vea, que de verdad me gust√≥, en el cual me esforc√© m√°s que en otros, y no creo que lo vea",N
@wendolencha es que pinche partidazooo,P
@MarianaGrarod @dctorre ya puedes ser feliz,P
Me muero por ya comprar otro celular,N
@RociYAxel Feliz cumplea√±os que la pases s√∫per bien,P
Esos peque√±os momentos de felicidad que apenas duran segundos,P
no puedo creer que hace unos a√±os era muy feliz,N
"Odio ver a las parejitas abrazadas o bes√°ndose , pura envidia",N
"@Diablin13 Sigue pendiente de nuestras redes, estaremos regalando boletos para la premiere.",P
"@sapitomen de me ntojaban m√°s unos de canasta. Jijiji h√°blame de t√∫, porfa",P
"@atlgarza Gracias por tu Rt, fui de las primeras 5 vistas, te amo Garza",P
"Mi gata es tan desconciderada, pasa sus peque√±os bigotes en mi cara para que despierte",N
te levantas emocionado por ser dia de reyes pero recuerdas que ya estas grande #felizdiadereyes #Eanz,N
"Se viene la goleada, ya pitale √°rbitro... O quiten a Ochoa para que no se lo chinguen",N
No me parece justo que ya sea 6 y yo no haya comido ni un poco de rosca,N
Nota mental: no le quieras ayudar a alguien que no conf√≠a en ti. -La primer ense√±anza de este a√±o-,N
"Aparentemente superados los efectos de la venganza de Moctezuma, cogemos camino a Chiapas ... porque mucha historia nunca es suficiente",P
"En serio si van a manifestarse Estamos en todo el derecho pero esto ya es un desmadre, en serio no mamen",N
Puta gente naca por su culpa ya no me dejo mi mam√° ir a partir rosca con mis amigos p√≥nganse a trabajar,N
"Y si haz dormido con alguien m√°s, SI HOY duermes con alguien porfa no la abraces y no le digas que la quieres",N
"Buenos d√≠as!!! Los retos en la vida no est√°n ah√≠ para paralizarte, sino para ayudarte a descubrir qui√©n y que tan fuerte eres... Besitos",P
"Al rato rosca de reyes Ya se que no es hoy cuando se parte, pero s mi suegro le gusta hacer las cosas en familia",P
"Lejos, lejos, muy lejos...manejar hasta ac√° esta padre! Algo diferente q mal q ya no est√° la feria del caballo pq si no, me quedaba jaja!",NEU
"@SayiRuiz Es que el m√≠o dice Editar Perfil. :v jaja, no s√≥lo se cambia el nombre... No el username, ya mejor me espero a estar en PC",NEU
Hoy un se√±or en el s√∫per me dijo se√±ora. Tengo dos teor√≠as: es un pendejo porque agarro mi carrito en vez del suyo o real me veo vieja,N
@Yo_Soy_B es que aqu√≠ no hay as√≠ que diga edificios y lugares hist√≥ricos y los que hay son como 3 y ya no esta chido por eso lo digo.,N
Tan sabroso que estaba durmiendo,N
@PPTeamKaren cuando hacen un helado gal√°ctico,NEU
@JhosselinOlan Jajaja mismo edificio pero diferentes pasillos,NEU
El sue√±o mas hermoso que he tenido. #nomequeriadespertar,P
"Fue una muy pero muy agradable platica, espero repetirlo",P
"Es como si ya me hubiera ido a vivir sola,",NEU
K desesperante es hablar con alguien que tarda mucho en contestar,N
"@ivonnems28 ¬øcrees? Hahaha obvio si, todos toditos, de todas toditas las personas",N
Esos taquitos al pastor me est√°n destrozando el estomago peor que tus enga√±os,N
"@ivonnemelgar tristemente cierto: Otra historia lamentable de pol√≠tica femenina fallida, muy buen articulo! Abrazo",N
"@vcatita al contrario, me creo poco porque seg√∫n mi ""couchhhhhh"" ya debo de hacer 6k",P
"No, pero m√°s bonito es volverlos a ver y saber que se alegran por mi regreso.",P
"@ItzeelF18 ¬°Con mucho gusto! De entrada, por aqu√≠ los mejores deseos para el a√±o que ya llega.",P
"Dices que me.entiendes pero se que pasar√° lo mismo, te enfadaras y ya no me vas a hablar",N
"10 A√ëOS DEDIC√ÅNDOME AL PERIODISMO, Y LOS QUE ME FALTAN POR CUMPLIR 6 a√±os en la F1 &amp; UFC",P
Pues empec√© mi d√≠a con el pie derecho... metido en un monte de tierra por las reparaciones de las calles,N
"Y fue como ""¬øViste cuantos akatsukis salen?"", ""¬øY Gaara?"", ""¬øY el imb√©cil de Sasuke?"". Fue como el TODO ese primer episiodio",N
"@SirArminDice voy a leer sobre ello Por cierto, no estoy en contra de la propiedad privada, por errores me refer√≠a al invididualosmo..",N
"Odio tener una voz horrible y que a la vez ame cantar, no es justo ¬øpor que la vida me trata tan mal?",N
"D√≠as!!! S√≠ te ca√≠ste no importa; lev√°ntate,continua y haz a un lado la piedra con la que tropezaste, para no caer de nuevo... Besitos",P
"21 medallas de oro de Phelps, eso que?, La seleccion mexicana de fut ganaron 23 hace 4 a√±os! Ah QUEEE??? Nadam√°s vale por una? Avisenme!",N
"Si algo detesto de la consulta es a los familiares groseros de los adultos mayores, la impotencia de saber que se tienen que ir con ellos",N
"tengo mucho miedo de que los del sur no quieran venir a la AN s√≥lo porque es en CUU pls animense, yo los hospedo, los quiero mil",NEU
"Hablando de miradas lascivas, yo una vez vi en el metro a un maldito viejo, que no dejaba de ver a una ni√±a de la secundaria con uniforme",N
"no puede ser que ya no me pueda ni eresar en esta red social por qu√© todo se lo rolan a mi mam√°, cr√©eme que no ayudas en nada",N
@kymposiblee eres bien mala onda,N
Es culera pero as√≠ la quiero,N
#Stop. Dios es bueno en todo tiempo,P
que triste de verdad @Rayados @PueblaFC @PumasMX @SanCadilla,N
"De nuevo en la escuela, porque agarre inter #matavacaciones",N
No est√° chido empezar el a√±o con lesi√≥n de tobillo,N
"@Jimena_Quijano terribles, pero ni pedo yo el jueves ir√© a cambiarlas",N
"@mrous_ @carolgvivas La belleza de Tigres presente en todas partes Saludos, chicas!",P
Tengo un buen de ganas de ir al cine pero soy tan flojo,N
wawwwww siempre encuentro la modelo perfecta amo mi pasion de dise√±ar #javiercarbajaldise√±ador #cdmx #atelierjaviercarbajal,P
"y as√≠, con tu gran ocico cerrado es como te ves m√°s o menos bonita",N
"@monssev12: We, yo solo quiero que alito y lapizito me quieran, ¬øEs mucho pedir? X2 @lapizito123",P
"Hoy entre a sephora y los productos de benefit est√°n bien caros, casi salgo llorando de ah√≠.",N
necesito nuevo dealer √©ste cuatri ser√° dif√≠cil si no dejo mi vida en manos de la bendita drogadicci√≥n,N
"@Gloryagpem @karench0708 ayer and√°bamos por all√° jaja, le dir√© que vayamos ma√±ana a ver si me dejan gracias lindas",P
"@Filibrown jajajajajaja. De todos esos nom√°s rebozos merco, jajaja. Mi troca es tailandesa no la han tra√≠do a silao uu",NEU
@szurita ya estuvo que el mexicano se qued√≥ preso la Lic @ruizmassieu ya no es la mera! Mera ahora es Videgaray,NEU
"La edad me trae fugas... de sentimientos, buen juicio, buen gusto, sentido com√∫n, prudencia y cortes√≠a. La incontinencia a√∫n no me llega",N
"@pwoblematique la edad jajaja ntc, pues no s√©, supongo es normal digamos q me pas√≥ igual pero con los videojuegos encontr√© mi m√°ximo",P
"S√≠ es Shido ser fiel Yo sab√≠a que lo era. Qu√© me pas√≥ esas veces? O sea, fue desde mi primer novio en CCH...",P
@travel_gaia 10pax -$200 20pax - $320 10 pax rellena - $280 20 pax rellena - $400 Relleno sugerido es de cajeta o cajeta con nuez,NEU
"@DafneCa1 estaba pensando en preguntarte s√≠ ibas a ir jaja :v,el jueves nos vemos all√° me voy a sentir raro por que todos ya se llevan",NEU
"En ruso me qued√© en nivel medio. La vida, el servicio social, el fin de la carrera hicieron que me separa por un rato de mi amors.",N
Para que me robaran 4 millones de pesos como en la casa de Andr√©s Garc√≠a me tendr√≠an que robar la casa con todo y casa y ni as√≠,N
"La √∫nica ""persona"" a la que le cuento mis cosas es un ni√±o de 5 a√±os, no me critica, solo me escucha y lo mejor es que entiende un poco",N
Quiero ser flaca y bonita,NEU
@GenariuxR Buenos y bonitos dias amiwoooooooooo,P
#LosLunesDebenSer sagrados y trabajar hasta el martes,N
Ahora por floja me voy a dormir tarde,N
@sofffiaaa tu que eres chihuahua lo mereces m√°s Haha,P
@Soymarioruiz a mi se me acabaron desde la semana pasada,N
"Mateo, estate quieto s√≥lo era 1 segundo, s√≥lo 1 #NoQueriaFoto #FelizDia‚Ä¶",N
@MemoCalderonS feliz a√±o tu! Ten√≠a un rato de no saludar. Un abrazo,P
"Esta vez que tengo todo para ir , no estoy tan segura jajaj",P
Que no se pierda la costumbre de dar los buenos d√≠as contra la pared.,P
"@darkanhell son previsores, es por si alg√∫n d√≠a llega un auto por all√° ok, no...",NEU
A veces siento que es mejor estar atr√°s de un escritorio que intentarle a la litigada,NEU
"No me gusta mi nuevo lugar, estoy con chavos de FCA pero extra√±o a mi departamento T.T",N
"@Paulitm Paulina, confirmamos que la se√±al se transmiti√≥ correctamente en la regi√≥n, por favor revisa con tu cableoperador",NEU
Me da miedo venir a esta clase de lugares no vaya a ser que me tope a alg√∫n conocido,N
"D√≠as!!! Busca tu centro. Enf√≥cate. S√© feliz. Agradece. Incluso en los momentos m√°s desafiantes y dolorosos, la gratitud libera... Besitos",P
"@ALMA13 ha sucedido que familiares cobran por el pensionista y les roban. Incluso hay denuncias al respecto, cuidemos a los pensionistas",N
Yo esperaba encontrar un boleto para ir al partido de mis Spurs vs Suns en la CDMX de bajo de mi arbolito,N
"Hola @raramo74! vamos a estar al pendiente de esa ruta y en caso de que encontremos algo a buen precio lo publicamos, Saludos!",P
Eso de no poder dormir y despertar en la madrugada se est√° volviendo muy recurrente y no est√° padre!! &gt;.; yo no era as√≠.,N
"D√≠as!!! No tengas miedo de vivir, r√≥mpete el coraz√≥n y el alma, que la vida se nos da no para regresarla intacta, sino vivida... Besitos",P
"Todo el a√±o perros be like: -GUA GUAAFFF ARGG GUAAFF A LA VERGA PUTO GUAF. En diciembre perros be like: -Ay ay los cuetes, tengo miedo",N
"Entre mas creces, mas cuenta te das de cuan triste es la vida, de que no todo es bueno y de que nada es eterno. Bendita infancia",N
"Es triste cumplir a√±os el 2 de enero, casi nadie recuerda que cumplo a√±os por las fiestas de fin de a√±o y adem√°s los pesco ya sin dinero",N
"Personas que dicen que el 29 de julio sera el fin, lo que no saben es que se acercan dos fin, el fin del mes y el fin de semana Buen d√≠a",NEU
@randeles Que buena foto! Felicidades,P
@MarioBautistaMB @mariobautista_ te amo un buen,P
"@DebnamFabray si, la verdad si fue feo",N
Hay una gran parten de odio en mi,N
Es mala la calentura #AlexAlAire #SabadosImpactantes #YaFMVilla #Musica #PorSiTeLoPerdiste,N
Que triste ver todas las fotos de cuando fuimos amigas,N
@gustragosmaxima deber√≠as poner la de prendido fuego de @ntvgoficial para participar,NEU
"#QueNoSePierdaLaCostumbre De Querernos, amarnos, respetarnos, cuidarnos y estar juntos toda la vida",N
"@Mariazelzel Tengo un mal presentimiento, Ojal√° me equivoque, pero el equipo se debilit√≥.",N
Necesito una nueva mejor amiga xq mi mejor amiga est√° muy ocupada para mi,N
quiero organizar un buen de cosas cuando ya solo me queda una semana de vacaciones,N
Feliz d√≠a del periodista !! A mis conocidos amigos y gente que sigo y me sigue,P
"@David17519416 Pero no hicimos rolas por a√±os, solo ligamos bandas y canciones en com√∫n Gracias por escuchar",P
@DonRul yo creo que esa es una mejor frase para una personalidad tan particular como la suya jejeje,P
"@EddGZ Neel, eso no me gusta, mejor t√∫ y el d√≠a que sea, por la tarde, y busco adaptarme",NEU
Que feo ver del otro lado de mi lugar de trabajo que est√°n comiendo cheetos y yo ac√° valiendo verga,N
"@bayou7478 estoy igual. Quiero un marat√≥n en marzo/abril y otro en octubre/noviembre. Si te enteras de nos buenos, por favor avisa.",P
"@Ferchitomen11 checa con waze rutas alternas, xq el trafico viene rudo hasta la altura del parque chitla! Y gracias! Que llegues pronto",N
"Ya me cay√≥ mal estar de vacaciones porqu√© me duermo muy tarde, cuando mi hora para dormir es a las 9 o 10",N
@GarzaaJr No es un bulto y nunca lo ha sido @GarzaaJr es un luchador Novato que ha madurado much√≠simo desde que lleg√≥ a @luchalibreaaa,N
es bien raro no estar en la escuela a esta hora :c la neta s√≠ extra√±o eso y apenas van dos d√≠as de clases jajajaja,N
"A la verga 2016! Me trajiste mucha tristeza pero espero el 2017 sea de lo mejor, a darle pa adelante q para atr√°s ya doli√≥ bastante",N
"@EseRover seh, ya me dijeron que siguen negociando talentos. Pues mira, si voy. A menos que algo se caiga. Y el 17 hago show en GDL igual",NEU
"ya esta hannibal s3 en mix up pero esta muy cara y no vale la pena el gasto si fue la temporada que menos me gusto,esperare una oferta",N
Ya no s√© que hacer con mi serie de fotos final. No pens√© que me iban a gustar tanto las fotos que tom√© hoy y ahora no s√© que hacerr.,N
Eres un pendejo Pulido @puliidooo,N
"@aikonmx ay, poes qu√© delicado nosierto.",NEU
@AbieeFlores si neta todos cerraron en chinguisima,N
Mi abuelo no sab√≠a que ten√≠a segundo nombre,N
Tengo las manos tan congeladas que no quiero trapear,N
#EsteFinTengoGanasDe Cocinar una rica pasta casera de espinacas con queso,P
A√∫n me parece mentira imagin√°ndote que vuelves a pasarte por qu√©,N
"@NayadeAbsal Huy ps as√≠ que chiste?, no seria tan divertida la vida",N
"@Manuellflorod Bienvenida (triste) realidad, andamos en las mismas, pero no hay de otra",N
Paseito... Laika cumple en pocos d√≠as 5 a√±os... 5 la condenada !!!!! #ILoveDogs #ThePack‚Ä¶,P
"@_alineepa exacto, no va a pasar!! Pero cada quien puede y debe hacer su parte",NEU
No sab√≠a que el ser humano fuese capaz de producir tanto moco verde. Hasta ahora. #GanandoComoSiempre,N
¬°HAZ EN GRANDE TUS PROP√ìSITOS PARA ESTE A√ëO! LAR Inmobiliaria les desea un feliz a√±o 2017 #LARinmobiliaria,P
Cuando piensas que las cosas van a toda madre y la cagan la vida es un riesgo carnal!,N
Seg√∫n yo s√≥lo ver√≠a los cap√≠tulos que me hac√≠an falta y ya vi la mitad de la serie hahaha,NEU
"Hoy Marihana prob√≥: carnitas, nieve de Patz, ra√≠z de chayote, changungas, sopa tarasca, mole, enchiladas, natilla... espero no se enferme",NEU
"@Fridaricky as√≠ como estas... Primero abajo, pero comiendo panochita suave, y luego atr√°s para dejarte la ir muy duro! Qu√© rico",P
"Pero ya siendo serios les respondo algo as√≠ como: ""Fanon, F. (1965). Los condenados de la tierra. M√©xico: Fondo de Cultura Econ√≥mica.""",NEU
@nahimachoura que te pareci√≥ el tercer uniforme de nuestras aguilas? A mi no me gust√≥ pero se ve mejor que el de local...chale..,N
¬øPor qu√© dicen que ando en modo mamona? ¬øqu√© no saben que soy la persona m√°s aburrida para platicar? Les have falta tratarme m√°s,N
@marthaor2010 10pax -$200 20pax - $320 10 pax rellena - $280 20 pax rellena - $400 Relleno sugerido es de cajeta o cajeta con nuez,NEU
"Mi √∫ltimo tweet del a√±o. 2017 va a ser un a√±o muy perro en muchos √°mbitos. Pero puedo con √©l, va a traer muchas cosas buenas",P
"Cuando era ni√±o e √≠bamos a Gigante, se hac√≠a lista de que se iba a comprar y siempre bien limitados. Hola ese dejo de ser un problema",NEU
"En un ataque de desesperaci√≥n, puse a cargar mi celular con mi laptop en plena central porque me queda 5% de pila y a√∫n no pasan por mi.",N
"Traigo desde hace 2 horas una pinche basurita en el ojo y nom√°s no se me quita. Ya me fu√≠ a lavar, ya me soplaron, ya todo y ah√≠ sigue.",N
@ViajerosAccion Jajajaja buena buena foto,P
@SanCaReforma @pablitobarrera Es por salud mental,NEU
Estoy comenzando la √∫ltima temporada de HIMYM,NEU
"@pochiitto por qu√© no, puedes hacer una alterna.",NEU
@eli_rivas10 @Madonna @pedrosola @chabelooficial @LAURAZAPATAM JAJAJAJAJAJA ay te extra√±o,N
@marianaequi ¬°Vientos! Va sanando bien chido. ¬°Cu√≠date mucho esa manita!,P
"@bravephtp El cad√°ver de la novia, y si es nueva... Pasajeros",NEU
Primer d√≠a de trabajo y estoy que me muero de enferma alv,N
como cuando no te puedes registrar en el #VansCustomCulture porque vives en m√©xico,N
"Lo triste de las vacaciones, es cuando haces maletas para regresar a la rutina.",N
@luisitorey #LuisitoReyMago pon din√°micas m√°s dif√≠ciles en esta din√°mica no se ven todos los comentarios,N
"@DhasiaWezka yo creo que seria muy bonito entrar a tu tw y ver ese ""Te sigue""",P
Como cuando tu mam√° quiere que te hagas pruebas de embarazo jajaja no estoy embarazada solo malita,N
"@AxelMishael es una ciudad hermosa llena de cultura,con gente bella y comida deliciosa. Muero por volver! Disfrut√° mucho",P
@EduardoRamos95R aqu√≠ ando me enferme de la garganta jajaja ntp s√≠gue jugando amor te amo mucho! Te extra√±o popochas,P
"@adriantr09 @ClubTiburones @PumasMX Siempre he sido as√≠ Y pues siempre he cumplido y pagado apuestas, as√≠ que ya rugiste le√≥n",P
"7 horas ya desde que salimos de Mendoza y seguimos en Puebla varados... Weeee, mi pobre perrito es demasiado para √©l",N
"@JuanTaleb Naaa que postales tan hermosas Taleb! Feliz a√±o!!! Te mando un abrazo, gracias por este a√±o tan lindo, fue bonito conocerte",P
"‚ÄîMa, ya no quiero ir a la escuela. ‚Äî¬°Tienes que ir! ‚ÄîAh, chinga y por qu√©. ‚ÄîPues t√∫ eres el maestro, cabr√≥n. ‚ÄîAsicierto.",N
"@carlacarrilloof: Y todo lo mejor para ti y para tus seres queridos. Recibe un c√°lido y fuerte abrazo desde San Luis Potos√≠, S.L.P. tqm",P
"@anabrendac: Hola, paso a desearte un feliz a√±o nuevo 2017 y que est√© lleno de salud, abundancia y √©xitos para ti y para los tuyos",P
Estaba pensando en todas las cosas divertidas que quiero hacer este semestre y luego me acord√© de lo que met√≠ y pues no va a pasar,N
A mi pap√° le regalaron una bolsa de caf√© artesanal y un termo y estoy muy celosa porque a mi seguro me regalan una camiseta o asi.,N
"La √∫nica a la que le voy a decir es a mi novia. As√≠ que si no me est√°s pagando ning√∫n recibo de mi casa, no est√©s chingando",N
"-El de los tacos me dijo: "" Y la g√ºera, joven? "" -Le dije que ya eras pi√±a de otro taco, que ya otra salsa te enchilaba la carne.",N
Siempre el m√°s guapo Ay,P
Ando bien adolorido de mi espalda,N
@Osscar_II Jajajaja!! Esque me gust√≥ poquito bb!,P
15 d√≠as sin uno de esos abrazos m√°gicos,N
Con pie derecho el inicio del a√±o laboral #ILoveMyWork,P
En serio tengo muchas ganas de verte Te extra√±o demasiadoo..!,N
@edwardchdz @GalMty disc√∫lpame! Apenas vi! No todo estaba abierto y normal,NEU
@mabonitatuya1 @Samemo11 Huy qu√© rico! Se ve que si te exitabas jeje,P
Me gustabas para ver pel√≠culas y series acostados pero prefer√≠as a tus amigos,N
Lo malo de estar enferma es que la comida no me sabe a nada,N
Es un d√≠a muy bonito como para que este llamando al banco todo el rato,N
"Creo que la sinceridad es importante, pero practicarla es lo principal y m√°s si se promete!",P
@OlgaMatilde lo bueno que los a√±os se est√°n yendo muy r√°pido y pronto vendr√° el siguiente invierno,P
"@EduardoRamos95R yumi  te amo, estoy viendo la serie y tu?  tambi√©n te extra√±o ma√±ana te veo?",P
"@ROSYARANGO dicen que cuidar a un reci√©n nacido es trabajo en equipo, as√≠ que yo le cambio el pa√±al",P
"@konemak Hay pel√≠culas que por acuerdos de sus distribuidoras, es de la √∫nica manera en pueden estar dentro del cat√°logo",NEU
"Cuando dices vida yo estar√© contigo, tomas de mi mano y por dentro lloro aunque sea mentira me haces sentir viva",P
"@VivaAerobus Hola, ¬øSe puede hacer web-checkin e imprimir el pase de abordar si viajo en viva light? La p√°gina dice que no...",N
"@RuizJanely eres un √°ngel ca√≠do del cielo, fui a buscar de casualidad si estaban en las otras cocinas y no est√°n mis cubiertos",N
"@PLLadictos I need you help! Siento que soy la √∫mica que no a superado Gossip girl, como tu con Stelena asi de mal estoy...",N
"‚Äî ¬øNivel de ingl√©s? ‚Äî Alto. ‚Äî Traduzca juguete. ‚Äî Toy. ‚Äî √öselo en una oraci√≥n. ‚Äî Toy triste. ‚Äî Awww, vengache pa' ac√°. ‚Äî",NEU
ese triste momento en el que te das cuenta que se te acabaron las vacaciones y que ya casi es hora de volver a la realidad...,N
"@estarc62 No pod√≠a dormir y prend√≠ la compu a las 4am y no s√© como ngaos di con tu testimonio Mariano, escuch√© la misma voz q t√∫,GRACIAS",NEU
"q lindo q 1 vieja maquillada 5 tonos + claro, q c cree asi√°tica y q comparte memes horribles, piense q es mejor que yo en cualquier cosa",N
"¬øC√≥mo que no voy a ver a Sputnik, tampoco me voy a ir a aguascalientes, los Rebel ya tocaron y a Little va mi ex? Y los boletos de la WWE",N
"Btw me voy despertando, hola",NEU
@AleBaIe_ iba a ponerle lo mismo,NEU
@LezlyCarolinaM que bonito cuando tienes novio jajajajaja,P
"@Arissima yyyy gracias, te vamos regalar una playera",P
Adi√≥s a la nueva planta de #Ford en #M√©xico,N
Jam√°s me toca monito en la rosca. Quisiera ser relevante,N
@braver ahhh ya me hab√≠a emocionado con eso de tres pesos,NEU
Estoy haciendo chocolate abuelita y pura madre que les voy a dar,N
Me enoja que me den ganas de cagar cuando estoy bien c√≥modo acostado,N
"@Fershymp es correcto, falta mucho para y por eso nunca estamos unidos como compatriotas",N
@anuarrieta Ah ya si tambi√©n la vi y si no sale mucho pero luce guap√≠simo.,P
"@Jhovanny920218 la vdd si, jaja pero yo me curo r√°pido de eso. Ya la perdone. Gracias!!",P
"#EsLaUltimaVezQueTeDigo Que lo que siento por ti, no lo siento por nadie m√°s ¬°ENTI√âNDELO CARAJO! Santiago Olavarr√≠a",N
Ya viste lo bien que nos divertimos el uno sin el otro. Despu√©s de todo nadie es indispensable.,P
"De Las princesas Ana&amp;M√≠a a M√≥rbida mal pedo, qu√© tan gorda soy si me encontr√© boronitas en mi papada?",N
¬°QUE YA SEA 28! Ya quiero ver a @AdiosParismx me hace falta olvidarme de todo con buena m√∫sica en vivo.,P
"Cuando me duermo muy tarde planeando proyectos que me apasionan, es un completo goce, inspiracion a la calma de la noche",P
@soyalannavarro me pregunto: ¬øhabr√°s le√≠do mi tweet y te sorprendiste por que ese es mi m√°ximo nivel creativo? Me temo que s√≠.,N
@ROUSIEL Crema de Br√≥coli es muy rico. Tambi√©n cocido... 5 min en agua hirviendo y listo. Muy bueno para una ensalada queda crocante.,P
"Buenos d√≠as!!! Lo que has hecho con amor regresa a ti. La recompensa viene de arriba y llena tu coraz√≥n, no tu ego... Besitos",P
"@deba12334 por qu√© siempre en las finales los hacen los domingos y todos al siguiente d√≠a trabajan, van a la escuela y no se pueden",N
"Buenos d√≠as! Si permites que tu coraz√≥n sea tu br√∫jula, tu mente sea tu mapa y tu alma sea tu gu√≠a, entonces nunca te perder√°s... Besitos",P
"@raticorns Pas√© algo similar, el regalo genial (una de esas cosas donde pones tu cel y se ve 3d) pero mi cel es viej√≠simo y no funciona",N
"Lo lindo d usar Loquendo o mostrar mi cara es que los canales de salseo te ignoran, las redes no te verif. y marcas no te toman enserio.",N
"a pesar de ser lunes y de que no inicie con el pie derecho, hoy nada me dar√° baj√≥n, ando motivada con la tesis a dar el power amigos",P
Alguna serie buena? No? Ninguna?,NEU
@LuzioUV porque son las fiestas patronales.,NEU
@ajuangorena igual que yo jajaja ya mero,NEU
@Elenacastillo08 Yo tambien y me faltan 2 a√±ales,NEU
"@vicmanini As√≠ es Vic, me gust√≥ mucho Bonito Martes",P
"Desvelado, cansado, cuasienfermo pero feliz. V√°monos al aeropuerto. Buenos d√≠as!",NEU
@correosdemexico est√° atascado el palacio de los deseos @L_ArellanoN #Ay√± #NoVanALlegarLosReyes,N
"@AlbertoMoolina sobres, yo llevo los juegos de azar. Tu completa lo dem√°s",NEU
@TarsisLugo si no te gusta ponle lim√≥n y az√∫car as√≠ sabe m√°s rica,P
@mayteaguirre ¬°Cero! Lo que te haga feliz o te de tranquilidad est√° s√∫per bien.,P
@pablogarabito tu muy bien ¬°saludos! Q bonito mi nombre al aire @Planeta947 @alelaneta bonito d√≠a.,P
@CristinaEnAlfa @alfa913fm Hola Cris Saludos desde Ahome Sinaloa rumbo a Tijuana en un autob√∫s Elite Hermosa,NEU
#TotalmentePayaso @Psychooriginal uno de los mejores luchadores t√©cnicos que he conocido Espero que salgas triunfador este a√±o,P
"@MarqoOrtiz Y ya que recomendaste Black Mirror, incluso la temp. 3 (tan criticada), la anoto entre los pendientes",P
"Cuando la cago y mi no, novio esta enojado conmigo, se me hace un pinche nudo en la vagina",N
"La m√∫sica de U2 me deprime sobretodo la de Stay (Far Away, So Close!) maldita sea para que los puse",N
"Tenia la idea de comprar un carro este a√±o, pero ahora nevermind, me tendre que traer a petunia(mi bici) a TJ",N
"@MFollowill muchas gracias Mark, si ya no puedo esperar , @swish41 y su tiro perfecto gracias por venir a M√©xico üá≤üáΩ #MFFL",P
De la nada me empez√≥ a seguir @Chilaquiloteca y me enter√© que existe ese servicio... porque a veces tambi√©n me pasan cosas buenas,N
@Soul_Vedder que bueno que mi primer boda del a√±o es en abril jajajajaj  al menos ser√° la mitad de como le veo ahora,N
Durmiendo tan rico y s√≥lo me hablan para chingar.... Y dicen q yo soy el q tiene una vida de mierda y bla bla bla,N
"Hoy amaneci√≥ nublado y con fr√≠o! El d√≠a est√° para no salir, ver pelis y comer pizza! Bonito viernes y buen fin de semana para todos!",P
"Ojal√° se ponga de moda tener un poco de respeto y educaci√≥n. No s√≥lo des like, apl√≠calo en tu vida! No aparentes cosas q no son! #anotele",N
Acabo de hacer algo muy triste jajaja la se√±ora que limpia mi casa trapeo y yo baje y pise y no sab√≠a que estaba trapeando y creo ensucie,N
"- ¬øQu√© me est√°s arrimando? - Algo que te gusta mucho y est√° en mi entrepierna. - Amor, guarda ese pepino, t√∫ pene no es tan grande. - Ay",N
@SinCosquillas urge empedar contigo bb,P
@josciv por eso es importante escucharlo,P
Mientras luchamos por separado nos vencen juntos,N
"@mariobautista_ Soy mala Bautister, no puse el 11:14",N
Muchas felicidades @humbertodiaz22 un abrazo con mis mejores deseos,P
Que triste que Guadalajara est√° igual de contaminado que Mty,N
La biblioteca est√° cerrada y tengo que estar en el sol,N
Esperamos que disfrutes de este d√≠a con tus seres queridos #D√≠aDeReyes #DeliciaObelie,P
"@vidal_guitar eso es lo angustiante nada de informaci√≥n segura, muchas gracias por responder",NEU
Feeeliz dia a todas las enfermeras del mundo mundial son lo mejor que hay,P
@introvertchola @Rubestia @nuuzga que malos y yo ? yo tambien fui al carlssssssssss  #bitches,N
"Viendo ""Bichos"" y pensar que es todo lo que pasa en el pa√≠s a peque√±a escala",N
"#convocatoriaunam alguien que sea tan amable de mandar el link para registrarse x favor, no lo encuentro",NEU
@luixuz Yo tambi√©n No te d√≠ permiso de que te fueras y me dejaras sola con el beb√©,N
#FelizMiercoles Mis Chamacos Queridos Dios me los bendiga y me los llene de todo su amor los quiero Besitos,P
@Los40ec Que excelente tema #RockABYE tambi√©n me gustar√≠a escuchar: We don't talk anymore solo la mejor m√∫sica en #los40 @BriannaPinosM,P
"Buenos d√≠as!!! Aprende a confiar. Si hay silencio, d√©jalo aumentar, algo surgir√°. Si hay tormenta, d√©jala rugir, ya se calmar√°... Besitos",P
@Vilhum taken with my iPhone. Quiero una c√°mara profesional para ser m√°s feliz jajajaja yo si le se a todos los botonsitossss,P
"Iba a escribir algo inspirador para este cierre de a√±o, pero con un simple y sincero: ""deschinguen a su madre todos"" es suficiente.",N
@tomo_como_rey Feliz a√±o washitos!!! Les deseo lo mejor del mundo y les mando un fuerte abrazo!!! Que nos volvamos a encontrar en el 2017,P
"Eres bien divertida y me das mucha risa, siempre andas de buenas y eso me agrada, eres muy buena persona, ya no tengas tantos crushes",P
"Son las 2 de la tarde y apenas me di cuenta que no traigo nada del ""kit"" para a√±o nuevo .. Ni siquiera el b√≥xer rojo.",N
s√© (o eso espero) que me va a dar una estabilidad econ√≥mica en un futuro pero pues no s√© no s√© quisiera sentirme m√°s desbordada de deseo,P
"Y s√≠, siempre he dicho que la Navidad no se trata s√≥lo de regalos, pero me siento mal porque no he donado regalos para los ni√±os este a√±o",N
"Y hoy por primera vez me sal√≠ con el permiso de mi mujer pero no es eso el detalle, si no saber q estar√°n a mi lado y q llegar√© a casa",P
Para qu√© hablan de clandestino,NEU
@luismartiinez28 yo estoy en primera fila,NEU
Y aveces necesito alguien con quien platicar,N
De vdd tengo mucho sue√±o! Ya estoy viejito,N
@JoseeEscobar Pero ya quedaban poquitas de todos modos fijado.,N
"@Cbrrrx yo solo robo corazones, daysino, ni eso puedo robar",N
"Yo: estoy tan sola Alguien: hola Yo: fuchi, d√©jame en paz.",N
La verdad hoy fue una noche bastante aburrida espero poder salir ma√±ana,N
"Que gane el Madrid, pero que mi Ochoa no salga tan mal parado",NEU
Cu√°ndo se termine este contrato empezar√© a buscar un nuevo depa y un gatito.,P
@BearJhony Te portaste mal... que bueno ve por tus propios regalos y a tu gusto,P
@PiojitoPersa aguante los fritos con mateeeees linda!!! (Quiero fritos ahora ahre) encima estoy tomando mates ahre,P
Mierda porque es tan dif√≠cil decidir en que casa vivir? Hay pros y contras en cada una,N
Por que no maquillo padre como mis primas de USA y por que no tengo su maquillaje hahahaha,N
Ojal√° me dijeran que estoy bonita tanto como se lo dicen a sergio quembidia pero esque esta hermoso unu,P
"@la_sol_soleil Hola Sol, hemos confirmado que la se√±al se transmiti√≥ correctamente en la regi√≥n, por favor revisa con tu cableoperador",NEU
"Me lleva la tostada con el internet de @izzi_mx. Deje a mis amigos en ARK, con un T-Rex y un Oso.",N
@FridaSante 2 cosas 1 mal que no me sigues 2 mandale un saludo a azul si? (el amor de mi vida ),N
"- Mam√°, cu√°nto tiempo viven las putas? - Porque hija? Te sientes mal? Jajaja - Mam√°!!! - Hay aparte de puta, sentida... #AsiLasCosas",N
estoy a 7 de llegar a los 500 seguidores! gracias a todos !!!! arriba el se !!!! arriba yo pero de unas vergas ricas,P
@ana_sofmt oye perame que si buzzfeed es pendejo entonces el amor de mi vida no es el amor de mi vida y eso ser√≠a triste,N
ser√≠as tan dispersa en no darte cuenta q ten√≠as ganas de hacer pip√≠.. qu√© bonito tu mundo no regreses a √©ste de no ser necesario; calita,N
C√≥mo cuando tu mam√° te manda a buscar algo pero no sabe que ah√≠ est√°n escondidos los regalos de navidad y de paso me rega√±an chale jaja,N
"@Extranjerodm exacto, la foto la tom√© en la rueda de prensa, pues yo fui al que Fey subio y difundo mis fotos como ""esto es lo que hago""",P
"Si soy de √°rea 4 y con suerte pase mate IV y mate V ¬øpor que me ponen al profe qlero que es mega dif√≠cil pasar con el, en mi √∫ltimo a√±o?",N
#QuisieraQue la gente fuera eterna,NEU
"Mames, hoy si me dio fr√≠o",N
@darkomacedo seee eso est√° bien pinche triste,N
Denme una llenadera porque dicen que no tengo,NEU
Lo √∫nico que necesito para ser feliz es dinero.,P
mam√° quiero ir a pp hoy ya no seas as√≠,N
Un saqueador m√°s es denunciado en redes sociales... @ Monumento a‚Ä¶,N
"Ya hasta me duele la cabeza. Ma√±ana/tarde pesada, pesad√≠sima en la oficina.",N
"Que pinche chiste tiene estar ""medio alto"" si todos aqu√≠ est√°n bien pigmeos",N
S√≠ sent√≠ feo cuando v√≠ que se iba a ir a vivir a CDMX,N
Me sali√≥ el mono en la rosca... creo ser√° la √∫nica sorpresa de mi a√±o,N
Buenos dias mundo twittero me duermo s√∫per tarde y despierto s√∫per temprano eso no es normal,N
"Aaahhhhggg Noooo!!! Esa frase no!!!! Malditos hombres (frustraci√≥n momentanea) sorry, no los odio... Bueno no a todos!",NEU
"Ayer me robaron descaradamente, jam√°s acompa√±es a tu mam√° al centro comercial con tu tarjeta de la beca",N
"@alexjuxx yo quiero un novio como tu una vez dijiste ""Que me procure"" Jajajajajajajaja, no, pero en serio si",P
"@Mumusiraneitor bueno, hoy duermo temprano jeje linda noche y disfr√∫ta al m√°ximo (a la hr que lo leas), tqm ...!!!",P
"#MiPropositoEs Seguir siendo la mejor madre y la mejor periodista, cumplirles sus sue√±os a todos mis seguidores y ser mejor persona",P
Ha eirado mi paquete sl200 chales hubiera aprovechado el mes gratis de la llamada que me ped√≠a mis datos ayer tel 6141727708,N
Mis peque√±os Amores no me van a felicitar Hoy es el #DiaDelPeriodista Ya 10 a√±os dedic√°ndome al Periodismo y los que me faltan,NEU
Escrib√≠ un texto bien interesante acerca de la violencia en el noviazgo y de c√≥mo salir de las relaciones t√≥xicas. Luego lo posteo amigos,P
Top de cosas in√∫tiles que guardo en mi memoria: - Di√°logos completos de Shrek2 - Dos canciones de Selena G√≥mez - Su n√∫mero de tel√©fono,P
@PMovimiento Acu√©rdense que a lo Hecho en M√©xico de mexicano s√≥lo le queda el sudor la tierra y el aire casi todo lo dem√°s es importado,N
Sera un To3 CC  Timebomb el dia domingo 18 de Diciembre a las 8:30 hora de Mexico. Pueden mandar sus teams apartir de ahora. Es libre,NEU
Esta s√∫per raro por que el a√±o pasado vino a buscarme a la puerta de mi casa y yo ya estaba en el cami√≥n de regreso a puebla,N
Sab√≠an que su after fav Teatro G. fue construido para mi y un d√≠a de estos (hoy) les voy a dar el placer de que me vean ah√≠ metido !!,P
"@FidelZevi esta bien, no insistas",NEU
@MauHCorona #EsTiempoDe pensar las cosas buenas,P
Canc√∫n quiero volver a ti te extra√±o,N
"Gastar, malechor y basaltar son mas apropiados jajaj",NEU
son los huevos m√°s pobres que me he comido,N
"Maldito jet lag, acabo de despertar a las 2 am",N
@RoberHerreraA @ABCDesignated ay amiguito yo esperaba cada domingo para cap√≠tulo nuevo,N
¬øEn d√≥nde consigo unos buenos nachos de pastor hoy 1 de Enero?,NEU
"@HazzaLovesMe69 Que raro, desde hace rato que tengo los DMs desbloqueados ¬øPas√≥ algo?",NEU
@puntoguionpunto ando bien porque nunca sent√≠ nada. Pero estaban bien ricos porque ten√≠an chispitas.,P
"#s900 uy! Feliz primer lunes del 17! Un gustazo escucharlos en Quer√©taro fr√≠o, pero chido",P
"@MaRkIyO1992 Ja ja che Menso, en vez de s√≠ me escribas diario para saber mi vida",N
"Mi sue√±o no es tan imposible, tan solo es viajar a Canad√° yo s√© que puedo lograrlo",P
Ma√±ana de nuevo a la realidad!! Amorsitooo muy buenas vacas de tu trabajo!! Excelente estar juntitos con Mati,P
@futaztecadep Saludos al profe David y al @martinolimx! Feliz 2017 Maestros de la narraci√≥n.. Carajo!!!! dir√≠a el Dr. Garcia,P
"Una se√±ora alza la voz,le piden no gritar,ella dice con usted no estoy hablando...entonces por qu√© habla Tan fuerte...me aturde",N
"Parada obligada en pits y al banco.. Rumbo a Pueblo fr√≠o.. Hay q ir por la patrona, se acabaron las vacaciones",N
"@karlacg_ ay√±, si eso pasa, uno de mis hermanos era super rubio y pues ya no jaja igual est√° cute tu cabello!",P
@bettocantu Los juegos de Booktube me dejaron con muchos libros abiertos y quer√≠a cerrarlos antes de leer este Creo que si la hago...,NEU
"Qu√© triste de veras cuando tienes antojo brutal de un Blizzard, crees que el del mes no tiene pierde, y resulta estar muy malo",N
"2/2 hay tantas cosas que nos pueden dar satisfacciones, s√≥lo hay que saber que es lo que uno quiere y no perderse...Buen inicio de a√±o",P
"Buenos d√≠as!!! No te enojes. Recuerda que la gente no te hace cosas, la gente hace cosas y t√∫ decides si te afectan o no... Besitos",P
"@diego_galvan se lo llev√© a la sra q me lo cuida trae tos y flemas, y el grande del est√≥mago, algo le cay√≥ mal 2 hrs m√°s!!",N
Que feo se siente o m√°s bien que mal me siento al ver que se est√°n robando un carro y el cabr√≥n te ve cuando lo esta haciendo,N
Ayer fue cumplea√±os del amor de mi vida que ya no est√° en mi vida pero que fue y ser√° un buen amor en mi vida. Ojal√° la haya pasado feliz,P
Me quede vestida y alborotada.,N
@EverCufl Ay que grosero eres conmigo,N
@rubialvc @MirthaYudithOF @gizbetan eso fue √∫nico jejeje,NEU
Que triste que estas con alguien tan vac√≠a,N
no s√© qu√© tipo de se√±al universitaria es esta!!!,NEU
"Te extra√±o como nunca, y no te tengo como siempre.",N
Nadie sab√≠a que los peluche no son peluche son P√©rez luche,NEU
Jueputaaaa extra√±o mi bici. Esta panza de camionero me va a matar,N
@RAMMS09 amigo como estas ? Buenos d√≠as perd√≥n ayer me fui a dormir,NEU
"@intrascendente jajaja ya es parte de ti y est√° bonito y est√° bien, hombre",P
Primer logro del a√±o cumplido. Me agregaron al grupo de desayunos de mi trabajo #AquiEstaTuGordoBabyMyLove,P
No hay nada m√°s triste que tener ya +500 en el casino y quedar en ceros,N
@Fershymp es un lamentable reflejo de la realidad y el nivel de educaci√≥n que impera en M√©xico,N
"Tengo hambre,pero si pido cena el chavo de la moto se va a mojar y seria mal pedo",P
Lo siento mucho Perder un abuelo es uno de los dolores mas hondos posibles. Mucha fuerza para ti. @UrielCastillo93,N
#BuenosDias mundo Twittero ya empez√≥ la segunda semana del a√±o y estoy mas que listo para vivir un d√≠a mas,P
@CaELiKe Estuve contigo en la transmisi√≥n saludos hermosa quisiera poder vertw y darte un mega abrazo y un besote te quiero,N
"C√°lmala pinche Jes√∫s, si me quiero morir y todo pero no de esta forma tan culera, que me atropelle un carro mejor.",N
"No te puede gustar algo que no sabes hacer - Mi peque√±o primo Juli√°n, 7 a√±os, sabe m√°s de la vida que yo",N
"@mpamanes gracias por el comienzo con Always be my baby (que aqu√≠ entre nos me dedic√≥ Mariah) ""Time can't erase a feeling this strong""",NEU
"No hagan caso de nada de lo que diga Brenda, est√° tomando Tkt roja desde la 1 pm ""y Budweiser desde las 6pm"" atte. Sonia.",N
"@favaritx Que 2017 sea un gran a√±o para ti, una de mis personas favoritas en este mundo. Que este a√±o nos volvamos a ver y abrazar",P
"@nataliaenlu jajaja que pena, soy metiche. Es que mi mama si me dijo de pasar a√±o nuevo en la playa pero ya no hay espacio en ninguno",N
"Y me ha pasado con Carlos, Roberto, y una larga lista de amigos con los que la gente cree que me revuelco. Pero no, porque soy una √±o√±a",NEU
@Cochy_Tj ley de vida asi nos pasa a nostros la que te gusta no le gusta y a la que le gustas no te gusta que dificiles somos la neta,N
@AlbertoVill descubri que soy celosa,N
Amo las mujeres que manejan est√°ndar,P
Que suave que me contestaras m√°s r√°pido,P
@mariobautista_ Dar√≠a todo por un disco tuyo autografiado,P
que triste que ma√±ana empiezo el gym de nuevo,N
"Otra noche... Buenos d√≠as, alguien sabe por cuantas mas pasare?!?!",NEU
@sofia_garciarmz La neta si esta bien feo entrar a las 7,N
Ah no verdad? Jajaj nadie entendi√≥ mi chiste que imb√©cil soy hahaha,N
Hoy todo el d√≠a estuve triste porque ya mero entro a la facu,N
@AlexiaPalacio me dan asco los higos o no s√© qu√© y todo en general,N
"Aunque ya llegue y eso esta padre, la triste realidad es que sigo teniendo hambre.",N
En la clase de circo de hoy: c√°igase de la pelota gigante y r√≥mpase un diente,N
"Si no vivo al norte de la ciudad, tengo un iPhone, auto y dinero no soy cool?",N
Es normal que despu√©s de todo un fin con mi novio ahora lo est√© extra√±ando?... ._. ya traiganmelo,N
"O sea si, ya estoy mas cachetonq, pero hay fotos donde de plano me veo completamente con obesidad m√≥rbida.",N
"@CocaHdz_ Ya se, pero no puedo evitarlo !!! En vdd que si haces eso, ser√≠a como mi mejor regalo #LaVdd",P
"@bucio_lesly acabo de ver algo similar y te juro que sent√≠ bien feo, ojal√° nunca tenga que verme en la necesidad",N
Que m√°s quisiera estar all√° y abrazarte! Qu√© feo que el amor de mi vida se haya accidentado y yo por ac√°,N
Lo pendejo se mide en comparaci√≥n del n√∫mero de veces que te encabronas por un twiit que ni siquiera era dirigido a ti,N
"Es que, quiz√°, el miedo al amor, nos hace estar con las personas incorrectas, pero ""seguros"". Esta noche me duermo con un sabor amargo.",N
"@ATTMxAyuda @ATTMx Olvidenlo, Ya vi que si lo que quiero comprar cuesta $150,debo de tener m√°s de esa cantidad en saldo, y no lo exacto",NEU
"Hoy reafirme que soy un adulto y no. 1. No necesito pedir permiso a nadie para ir a alg√∫n lugar. 2. Me sigue dando miedo ""It""",N
"@iaz84 jajaja no ser Mal√©fica, de verdad la comida esta muy mal y el servicio igual, con las ganas que tenia de un buen coctel y caldo",N
Ya me cans√© de ver los juegos de la #LMB que se terminen muy noche.. piensan que uno no va a trabajar al d√≠a siguiente. O que pedo???,N
@SBecqer Hola! la lvl 30 me la regal√≥ noska en el 1er megaSorteo. La lvl 32 me la regalo tambi√©n pero era lvl 30.Y la lvl 27 se la compr√©,NEU
Como te tardas en contestar,N
Es neta lo de los tacos?,NEU
@MeDicenLoya neta no pensaste en mi? Cortalas,N
Por poquito y se comen a mi perrito,N
Super triste que mi amorcito ya este en Pachuca.,N
Ya extra√±o a mi mam√° y todavia no me voy,N
@BarbAdicto que feo tener que soportarlo por miedo a estar s√≥lo,N
"Acabo de ver una pel√≠cula extra√±amente buena! ""Un cad√°ver para sobrevivir"" v√©anla",P
Ser feliz no significa que todo es perfecto. ... Buen d√≠a a todos!,P
"Como no va a ser esencial lo bonito de la vida, su bella amistad.",P
Como cuando sigo de vacaciones pero me tengo que desvelar por reportes de servicio social.,N
@soyrosalet @SwarmApp Linda noche Ross extra√±o escuchar tu voz saludos desde Playas de Rosarito Baja California,N
"Extra√±o a mis compra√±eros roberto, osvaldo, julio y leo eran increibles al igual que mis super jefes!",P
Mas cuando no tienes a alguien que te de esas palabras de aliento que necesitas para sentirte mejor,N
"@crystinahotwife @CyDiosas Se ve hermosa! Me dan ganas de comerme todo eso y con este fr√≠o, de estar adentro",P
"Lo bueno de crecer es que cosas que antes causaban un efecto emocional en m√≠, ahorita me vale madreeee #QueBonitoEsLoBonito",P
"@Cinemex ¬°Hola! Oigan reponganos las entradas de ayer con unas nuevas, por lo ocurrido ayer en Cinemex Portal Vallejo, por favor.",N
@Tribuna_I Apenas inici√≥ el torneo y ya est√°n diciendo si YA VA LA BUENA para @Chivas Hay equipos mejores que el Reba√±o,NEU
Pero llegar al hogar me da inmediata alegr√≠a en el coraz√≥n. Y as√≠ es como mis d√≠as cierran bonito desde hace un tiempo.,P
@paobarquet que coraje saber que tu y tus compa√±eros fueron v√≠ctimas de gente malandrina por otro lado me da gusto saber que est√°s bien,N
@evelyyncassio lo mejor para este nuevo a√±o Evelyn! Q venga m√°s futbol y m√°s aficionadas como t√∫! Te mando un abrazo que Dios te bendiga,P
Desde hace 20 minutos se escucha una alarma y me da mucho coraje porque eso significa que la persona sigue dormida y yo aqu√≠ con sue√±o,N
"En 15 minutos, subir√© un nuevo video a mi canal de youtube, es un peque√±o regalo para que se lo empiecen a pasar de agasajo este viernes!",P
Porque the City? alcohol adulterado y exceso de gente. Es pesimo! He ido 2 veces y las dos me la pase del asco. No quiero ir otra vez,N
"Les juro, estoy solita en mi casa y no s√© si es sugesti√≥n, baj√© al cuarto de Lim a dormir y ya me arrop√©, s√≥lo pido que ya vuelva",N
#EmpiezanLasPosadasY yo ya soy gordo,N
@leondaraki @mx_df no ser√≠a mala idea,P
"@CFE_GolfoNte @Cicmty buenos d√≠as, seguimos sin servicio!",N
@Swimmer_IT sab√≠amos que su partida traer√≠a graves consecuencias.,N
Mi iPad estuvo 5 d√≠as abandonada en mi carro,N
Siempre soy la culpable de la mierda de todos ¬øno?,N
@heyGuero no te trajeron uno los reyes u.u oie k feos,N
"@IronGeen √±ammm. Ya se me antoj√≥ una deliciosa cema, vamos por una",P
@priincesapurple si ya hab√≠a regresado pero me volv√≠ a dormir mor√≠a de sue√±o,N
@Cognified te juro que si tuviera Pc gamer o una decente jugar√≠a tambi√©n ah√≠,N
@DignaRabieta ustedes ven√≠an enfiestados uno ya ten√≠a vv m√°s de cinco horas pues qu√© pues,P
"Odio que mi celular se ponga as√≠ Odio tuitear desde la compu, no puedo poner emojis.",N
Que rica siestesita me avent√© hasta pens√© que ya era de ma√±ana porque me levanto la alarma,P
"@tuamigatuitera pues ya ni nos hablas y si ir√©, ir√© como el 20 o algo as√≠ de enero!",NEU
@AyD_ParaTi estoy registrado y no me llegan ni puedo pagar en linea ni nada dice que pagina en servicio,N
"@CarolinaPadron: Hola, te deseo un feliz a√±o nuevo 2017 lleno de salud, abundancia y √©xitos. Te mando un fuerte abrazo",P
"@jeri4queen s√≠, y ps no es mi caso. Quiero decir, ps... no soy taaan buena. Trabajadora s√≠, pero buena, buena, no",NEU
@minideeharry yo pens√© que ya te hab√≠as olvidado de nuestra hermandad chingona lo que es tener vida social y olvidarse de uno,P
"‚Äî¬øQue crees, amor? Estaba platicando con una amiga y... ‚Äî ‚Äî¬øYa te enojaste? Pero si es buena onda. ‚Äî ‚ÄîTe amo, amor. ‚Äî",NEU
"@pablocampos98 Andas s√∫per desaparecido de aqu√≠ pero se que te la est√°s pasando s√∫per bonito en tu viaje, y eso me hace muy feliz",P
"@AngelaDelRioM hola preciosa. A pesar del fr√≠o, mis ganas de verte todos los d√≠as es mas grande, ya que me alegras con tu bella sonrisa.",P
la lencha de mi proveedor de cristal me esta acosando y me tengo que dejar para que si me de el material rapido  Dios mio,N
@MayezPalacios No mames! No son fieles ni a su propia raza!!! Ya no s√© que esperar lo malo es que tengo una coneja y es igual. Complot,N
"Pues yo leo que a muchos ""Luke Cage"" les ha parecido malita. Pero uno ve y tiene un 8.2 de promedio en RT. Al menos abre al debate",N
me traje un kitkat porque ya s√© que a mi mam√° le da por cortar carbohidratos de putazo pero tengo aqu√≠ 23 horas y ya me lo quiero chingar,N
Brillas y brillas tan lindo,P
@Horantheworld20 claro que se puede corregir,P
"En el mismo lugar, con distinta gente",NEU
por que no nac√≠ con las cejas pobladas,N
@michicheel ay jajaja pero si estoy enamorada de apu,P
"puras fotos lutteo en mi tl, basta me hacen extra√±arlos",N
Ultimo D√≠a De Vacaciones Ya El Lunes A La Escuela Noooo!,N
"Ahora est√°n tocando Arabella suena igualito a Alex Turner, seguro es Guajardo",NEU
@CauteSol22 √°nimo ac√° en M√©xico ser√° bienvenido! Saludos de un hincha de #CruzAzul,P
Empece el a√±o con una gripe bien perra y atascada estoy muriendo gggg ü§ßü§ßü§ßü§ß,N
"Regla b√°sica para hacer una fiesta de cumplea√±os... TENER AMIGOS, no s√© a qui√©n invitar",N
Mi carro ya no suena feo wuuwu. Juro que ya no le har√© m√°s da√±o hahaha,NEU
Wooooow que curativo es esto!!!! Me hace parecer menos perra y un poco mas agradable Me gusta,P
@qtf Yo no opino lo mismo... escribe muy similar a mi hijo de 9 a√±os... ya tiene firma!!,NEU
Cada que hablo contigo mi coraz√≥n se pone feliz pero eso no se nota a trav√©s de una pantalla,P
¬øPorqu√© las personas no captan la mega no indirecta de enviar flores? Mi escritorio se sigue viendo sin vida jajaja,N
"D√≠as!!! Entrena tu mente. Vives como piensas. Elige lo amable, lo bondadoso, lo consciente, lo sano, lo creativo, lo alegre.. Besitos",P
"-Mam√° ya quiero cambiar de lentes est√°n bien rayados. *horas despu√©s, mi hermana rompe mis lentes* Yep, es hora de cambiar lentes.",NEU
@Miamanta buenos d√≠as sam ya aqu√≠ estamos despu√©s de estar un poco enfermo pero ya vamos mejorando saludos y feliz a√±o y bendiciones,P
"Ya no me burlare cuando les pas√≥ algo a mis amigos, por qu√© luego me sucede algo parecido y ya no me es gracioso",N
"Buenos d√≠as para todos, menos a esos que ya est√°n de vacaciones, a esos no Ojal√° los levante su mama para hacer el desayuno. Jejeje...",NEU
"ser√≠as tan dispersa en no darte cuenta q ten√≠as ganas de hacer pip√≠.. qu√© bonito tu mundo no regreses a √©ste, de no ser necesario. calita",N
"Estoy tan sad pero tan sad de los conciertos anunciados a los cuales no ir√© y la pinche Ruby con su guitarra, me deber√≠an patrocinar a mi",N
"@weexmx Un mes esperando mi chip 4G, no llego y me piden que de otra direcci√≥n con raz√≥n desconocida, voy al 7 eleven por un chip, no hay",N
"O sea no es que sea mal pedo , pero si uno no puede venir a tomar a su casa con amigos pues los dem√°s tampoco se quedaron sin fiesta. Ups",N
Que triste es no tenerte,N
@YazarethPalomo te extra√±o tanto mi amor,P
Extra√±o a Super Junior M #TeamSuperJunior #SOOMPIAWARDS,N
So√±√© que ten√≠a una banda de Rock c√©ltico.,P
"@JenniferDuquee Hahaha, si est√° rico, nadamas le falta presentaci√≥n.",NEU
@nilomandeDior Hoy estuve viendo muchas fotos dell Escuadr√≥n. Lo extra√±o,N
@jenifersaucedo_ as√≠ es Pero somos mas personas honradas! Que se note,P
Estoy aburrida pero me invitan a lugares y me da flojera salir,N
@PammGonzaleez no mames ahora quedar√© como pendejo porque no pude ir de nuevo,N
"Escuchan ""Now You're Gone"" de @VivandTheSect, uno de los mejores discos del 2016 #PropuestaMa√±anera",P
#este2017 la historia tiene que cambiar prometo hacer lo posible por tener novia este a√±o,NEU
Ya me est√° doliendo la cabeza de estar todo el d√≠a acostada. Por qu√© soy as√≠??,N
"@ErickValdes_ JAJAJAJAJAJA trague puro br√≥coli y coliflor con pollo ahorita para echarme las tostadas, me las merezco",P
"@katikatkats no tengo fotos suyas, espero que sea real y que no exista solo en mi mente u.u",NEU
"Chavos no quiero ser pesimista pero siento que el Kit no es pa'mi, ease qu√© no voy a ganar",N
"S√≠, mi vida, est√°s muy linda, tienes un cuerpazo, pero d√©jame te presento al cepillo de dientes y la pasta",N
@Diegongo81 est√°n organizando un torneo categor√≠a infantil y libre con equipos de yucatan tabasco y campeche. Es este fin que viene,N
"@IslaReality #IslaRevancha, Ferka, era por Tony, Ivonne,Rafa,Delia, y Uds, 5 votos Vs √©l, no por Delia, siempre hay qu√© ir, m√°s fuerte",NEU
Me acorde cuando era ni√±o y me trajeron un bal√≥n y eso hizo que amara algo y hasta ahora me apasiona el f√∫tbol,P
"Lo √∫nico que vamos a extra√±ar de Eruviel,ser√° la canci√≥n de ""Yo soy mexiquense"" en cada evento Por supuesto que no!No puedo odiarla m√°s",N
@PalestraAgs no cabe duda. Esos son los ni√±os fresas amigos del Pe√±a Lento que no saben ler. C√≥mo? Aaah no saben LEER. Viva M√©xico! !!!,N
"Lo bueno que tengo amigas si no, ni hablar√≠a con nadie m√°s que contigo por whats benditas amigas las amo ya no hablo con ni√±os jaja",P
Le acabo de decir la neta a un amigo porque trae pedos con una morra y se enoj√≥ conmigo. Si ya saben como soy pa'que me preguntan,N
"Me enoja que otros me tiren la onda, que me inviten a salir, que se porten buena onda y que el que me gusta ni un pinche hola.",N
"Hablar con mi amiga Sheli y me cuenta que anda viajando, de fiesta , que la uni se la suda... Me hace sentir bien y que yo soy feliz",P
@HectorBrockwell excelente con de semana,P
Jajajajaja ay que triste me siento,N
Soy mas complicado que una mujer jajajajaja,N
Es triste quitar todas las cosas de Navidad,N
@karycruz24 @rashel09 @rosiles_meza @Crisstyrc @analu31090 Gracias mi querida kary,P
Ya estuve sola antes y s√© que todo estar√° bien.,P
"Tengo mi lado lindo y mi lado culero, pero bien culero.",N
"Elle es incre√≠ble, pero mi ra√≠z latina ped√≠a a gritos ""Neruda"" #GoldenGlobes",NEU
Y est√° vez estaban bonitos los que trajo la rosca #VideoMTV2016 Abraham Mateo,P
El #NoaNoaStyle Es lo mejor que ha llegado a @luchalibreaaa @Pagano656 Enhorabuena #SinPayasoNoHayFiesta #ArrePap√°,P
Risitas est√°s ah√≠ ??? ...bueno no importa s√≥lo pasaba a desearte buenas noches @soyalannavarro ...descansa,P
"Son 8:26 y yo ya me estoy visualizando en mi cama durmiendo, cuando salga de trabajar",P
"@g_yubari y seguir el consejo del lobo de caperucita roja: oirte mejor, verte mejor y comerte mejor",P
"#fiesta17millones @yuyacst HERMOSA, MIL FELICIDADES, esta familia crece y creceP NO TE GUST√ì MI DIBUJITO QUE TE HICE?",P
Not Myself Tonight era hermosa pero el video rip off de Bad Romance arruin√≥ todo para mi Queen X,NEU
"@IbanezXaro jajaja ya ves lo que ocasiona tu ausencia prolongada, mi cuate no me habla y mi sobrina me desconoce",N
@itsximenab ¬°√Ånimo! Que la vida valga la alegr√≠a y no la pena Dile a tu mam√° que qu√© buena rosca hace,P
Triste es no poder ver series en la TV por qu√© soy tan ciego que ya no alcanzo a leer los subt√≠tulos.,N
"Gracias por todas las atenciones, el talento, y por soportarme este a√±o! @MarianaHeAg que siga el √©xito y la mejor de las vibras!!",P
(6:30 am) -Viridiana d√≥nde est√°s? No piensas llegar! No tienes llenadera!- Yo: mam√° estoy dormida en mi cuarto Mam√°: Ah s√≠ ya te vi,P
Lo m√°s triste es que cuando regrese a clases no voy a poder darme el lujo de ir a mi casa cada fin de semana,N
"Pac√≠fico (cerveza) Mariscos Gustavo Cerati de Fondo *no es la Paz BJS, son las playas de los Reyes la Paz, de este hermoso estado de MX",P
No soy fan del fut pero mi hermana me puso ver la final a partir del 1er tiempo extra y debo decir que estuvo muy buena #TigresVsAmerica,P
No cabe duda qe los qe mas quieres son los q mas te lastiman t apu√±alan por la espalda perdi a la persona q consideraba mi segunda madre,N
"@zommix no, que pendejada, ya se pelearon y ya se contentaron, y ahora la mam√° ya le ley√≥ la cartilla al guero, ya no lo va a dejar verla",N
#YaNoHayDePastorJoven un golpe muy bajo,N
Cuando la tormenta eres tu mismo.,N
@Germagnate ahahahahah buenos d√≠as joven! Feliz a√±o!,P
@pabloalboran eyyy regresa yaa!!! Tu @FamAlboranMex te espera,N
Como poder ser feliz con esa persona q amas,P
Pinche equipo me ilusiona bien mach√≠n para este a√±o @Cruz_Azul_FC,P
Creo que no ense√±an griego en el departamento de lenguas extranjeras,NEU
Es lo unico que me se de la cancion jajajaja que oso,NEU
"Recorr√≠ toda la ciudad en un dia con mi mejor amigo, que trip",P
"Como cuando duermo de d√≠a y de noche ando bien pilas, esto es fant√°stico",N
@CelopanYT @RoEnLaRed estando tan cerca pero tan lejos a 45min de distancia siendo exactos. Jajajaja,P
Lo bueno que ayer part√≠ rosca con mis amigos porque hoy no partiremos con mi familia,NEU
Lo triste de este trimestre: salgo diario hasta las diez y no estar√© con todo el crew.,N
"@MiroslavaMont: Recibe un c√°lido y fuerte abrazo desde San Luis Potos√≠, S.L.P. P.D. Ya casi tu cumple!! n.n",P
@chelita19_esme hahaha te la curas? con el que sea lo chido es ir Posiblemente contra Tigres vaya sho :v,P
"@DaniaRoberta A los delincuentes llamados ""POLITICOS"" solo les interesa ATASCARSE de dinero y propiedades... eso si, los domingos a MISA!",N
"Por que no hacen perfumes de ropa nueva? Es el olor mas hermoso, consumista y de cierto modo capitalista del mundo",N
"Aunque la fresa se vista de seda, peda se encuera. Ahora un nene perdiendo la raz√≥n por repetir lo que le dicen.",N
"Buenos d√≠as!!! Cuando la vida es dulce, da las gracias y sonr√≠e. Cuando no es as√≠, da las gracias, crece y aprende... Besitos",P
"@JJSanchezB Tenemos la Pre inauguraci√≥n de la e de #Barbie el viernes 6 de enero, y el s√°bado 7 de enero ser√≠a d√≠a normal",NEU
Estaba contando que mi mam√° tiene como 9 grupos de WA y yo s√≥lo tengo el de mi sal√≥n que est√° silenciado por un a√±o,N
"Pues yo digo que todos aqu√≠ son felices, cada que les pregunto como est√°n dicen: ""Bien"" en vez de ""De La Verga"" Para m√≠ es suficiente",N
"@hugo_mcc ayy si quer√≠a, pero mi familia ya no tiene vacaciones y nos iremos antes pero volver√© en enero yo sola y a ver que se hace",N
"Te bloquee Crea cuentas huevo y solito se sigue y d√° RT, porque ya no le creen sus fans. Ah qu√© mi paisano, ni me interesa su amistad.",N
"@Samm_Bntz Beb√©, no s√© si sea error de dedo cuando ando de chismosa o es que a Leos y a ti, no los quieren en mi lista de amigos en insta",N
Madurar es mas divertido contigo,P
@alexMay_Be algo similar me ha pasado,NEU
Y se acab√≥ diciembre mi mes favorito,P
Yo solo quiero adelantar mi vuelo a Chicago,NEU
Estoy esperando a√∫n el directo de @ZooEvolution @WillyrexYT @vegetta777,NEU
"Empiezo el a√±o como dije, bien dormida y muy enamorada",P
"La peor noche, no se como pude dormir as√≠ de enferma",N
"√öltima clase de FMA del a√±o Filipino Martial Arts @ Monterrey, Mexico",N
Hay veces que uno se siente un extranjero hasta en su propio pa√≠s,N
"Mi celular sabe que soy mexicano, escrib√≠ white y me lo corrigi√≥ por ejote",NEU
@marthamedecigo ay no! y si con √©l si quiero arriesgarme? Es que necesito contarte amixxx,P
le mande un mensaje a mi ibf por a√±o nuevo y aun no me contesta jajaj,NEU
No puedo creer que me haya propuesto dejar de fumar un mes y ya casi lo cumpla,P
"@yarisflores punto a favor jijiji, la cosa es que hoy si hice de todo menos quedarme en camita",P
"@LizHeidern Hace streams buenos, a veces est√° muy vac√≠o su chat, pero se pone bueno el ambiente con @L337LAG.",P
"Happy Birthday!!!! Ya eres legal, dtb hoy y siempre, mis mejores deseos te quiero mucho y al rato te veo",P
@lizpedroza Hermosa estos d√≠as tengo un ara√±as alacranes ratas y murci√©lagos en mi carta jajajaja Es impresionante la qu√≠mica del cerebro,N
Que lindos recuerditos al mirar nuestras fotos de un 3 de enero 2016 conviviendo ella con mi familia. Hoy hace un a√±o.,P
"@maciosare75 Hi! muchisimo gusto, felices fiestas no les interesar√≠a salir con una pareja de 26 y 28 a√±os? somos de Xalapa pero viajamos.",NEU
"Hasta me das risa @realDonaldTrump, por que el √∫nico afectado seras tu y tu pa√≠s y ante tus propios ojos veras su destrucci√≥n total.",N
Ya casi es a√±o nuevo y no han tuiteado la im√°gen del viejito con un 2016 y del beb√© con un 2017. M√°tenme ya ALV,N
"@LOMMX te amo porque te pones en su lugar a todos, eso mero! Las mujeres somos las que tenemos que arreglar todo el changarro me cae",P
Y despert√© y me fui llorando con mi mam√°. Despert√© en el sue√±o como unas 5 veces. Nunca hab√≠a batallado tanto. Me muero si me pasa sola,N
"Es taaaaaan triste que teor√≠a de juegos este en mi plan de estudios en la UAM, pero no en el campus al que voy a licitar en Espa√±a.",N
Har√© un libro que se llame: las mil y un mill√≥n de formas de cagarla. Obvio para que no hagan todo lo que yo hago y as√≠ tengan √©xito.,N
"#quierounanovia no gracias, soy homosexual.",NEU
MELCHOR GASPAR Y yo sin quincena,N
@samymtzl va a ganar tu tio @lopezobrador_,P
"@SoyTanNinaBien jaja, est√°s aburrida!? Mejor cu√©ntanos otro cuento",N
Queridos reyes magos: yo sigo esperando lo que ped√≠,N
"@LuceroGama tu foto de perfil me trae recuerdos, extra√±o escucharte",N
Fue MEJOR que algunas personas se fueran para conocer a otras,P
me sorprende la homofobia y sus manifestaciones inesperadas... lo digo por mi,N
"La soberbia no es nada buena, no conf√≠es en el ni en ella!",NEU
Llegan tiempos dif√≠ciles y lo √∫nico que me queda es afrontarlos y seguir adelante,NEU
Lo unico que van a hacer es que me vuelva mamona con todos como antes,N
Parti 3 roscas diferentes y en las 3 me salio el ni√±o!! Algo estoy haciendo mal,N
"Y por todos lados hablan de los bloqueos, de ENP, de Trump y pinches es muy deprimente",N
@PauCalz @KarzCavallari @johnny26cesc me doli√≥ hasta la conciencia pero sin suda lo har√≠a unas 10 veces m√°s jajaja,P
@FelipeGNE por??? hay bueno si un caf√©! Yo tmbn eleg√≠ que ya no salgo hoy! A que hora llegas?,NEU
"Si fuera bien idiota. Ya hubiera comprado un Alienware cn mi quincena al chaz chaz, pero se viene el ISR...",NEU
"Que bueno que no soy mam√°, ser√≠a la peor de todas, les dar√≠a puro jugo verde y Macaroon and cheese feo",N
"@Liebehaeschen nop, este crush era nuevo y no hab√≠a hablado de √©l aqu√≠ para no salarme era muy perfecto para mi peronirogarle",N
"El ""In Memoriam"" de los Oscares va a estar muy cargado este a√±o. Desde David Bowie en enero hasta Carrie Fisher en Diciembre",N
Filos√≥fico: Estoy hasta el pito d muchas cosas. Creo q he alcanzado mi siguiente nivel d cinismo/valemadrismo. El a√±o d mis 30 pinta bien,N
"@AssenethSoto no es eso amor, es que yo no iba contigo pues por eso no est√° padre el avi√≥n... Jajaja... TE AMO , ya regresate",P
Ah cada rato entro a los Md's y checo los que le mande a Brandon haber si tan siquiera me aplica el visto pero nel pastel,N
"Listo, por fin en casa, a dormir 4 horas nom√°s. Gracias a Dios mis pap√°s est√°n bien y les est√° yendo ching√≥n. Ahora yo, a chingarle salu2",P
Me falta 12.32% para acabarme Just Cause 2. Este si es juego y no mamadas de Yirs ni FIFA papi. Ojal√° tuviera Just Cause 1 en el xbox,P
"Hoy por fin no cene comida de la calle, hoy fuimos a walmart y comprams para que yo le hiciera de cenar, dsps de toda la semana cenar mal",P
Hoy fue ese detalle!!!! happy!!!!,P
"@AletzAGoGo @robblie lo odio!!!, nececito claridad",N
"@jair_mendieta me insultas noo, solo quiero verte",NEU
Ya tengo mi principal prop√≥sito de este a√±o,P
"@Mayra_Zepeda @nayaroldan y se ven bien ricos Gracias, May.",P
@DraAChvez que mala pata ojal√° te recuperes pronto! Feliz a√±o!,P
Buen d√≠a. No funciona el sem√°foro de Avenida Cultura @HermosilloGob Saludos,N
Primera vez en 5 a√±os que no te doy mis mejores Deseos,N
@hlahumberto pos' se ve mal se traba y est√° grabada del cine #Shame.,N
"@aimeraus @GLaveaga @debatelibros No, no sab√≠a que exist√≠a, lo leer√© ya acabaste el primero?",NEU
Envenenaron al Bruno Ya lo atendi√≥ el veterinario pero tengo miedo de que no aguante.,N
"@TuiteroRegio @Bomborisimo Jajajajajajajaj ya est√°n peor que Pe√±a, puro atole con el dedo a los tuiteros",N
Que decepci√≥n que gente que lo es todo te oculte cosas. ¬øTan dif√≠cil es decir la verdad?,N
"Ya me da miedo dormir con alguien, hablo sola y que tal si digo cosas que no debo",N
@FerReyees19 @Abiel_Vasquez @ElPabloDeVerdad yo ten√≠a pensado sacar la del fogo y una optativa de 2C para poder meter electromagn√©tismo,NEU
Extra√±o que mayito diga babosa (o) Extra√±o la primera media hora de cotorreo Extra√±o todo el desmadre de antes jaja,N
"@ladelbosque29 acude al pr√≥ximo llamado que hagamos aqui, muy sencillo. Con guantes, zapato cerrado c√≥modo y si tienes una pick-up mejor!",NEU
"@Dianybony jajajaja claro que no amor!! te amo mucho, ya te estoy esperando en el aeropuerto!!!! Ya sal, que te quiero veeeer!!",P
"Hoy le ped√≠ a Dios una se√±al realmente obvia, para poder tomar una importante decisi√≥n, y mas clara no pudo estar. Gracias #Totales",P
El reboot de Jumanji puede romper mi coraz√≥n x2. Porque puede ser horrible y adem√°s pueden arruinar la imagen que tengo de The Rock,N
"@Djrossana que tengan un lindo martes y que todos tus sue√±os se hagan realidad S√© tu misma, No copies Modas Eres Mi ejemplo a seguir",P
